metric,group,period,period_type,value,unit,target,preferred_direction,source_vintage,primary_within_definition,source_pdf,physical_pdf_page,source_sha256,transcription,definition,limitations,source_quote
ED initial physician assessment wait,16 largest hospital sites,2021-22,fiscal year,4.5,hours at 90th percentile,,lower is better,2024-25,True,Quality of Life Analysis/research/health/current/hlth-annual-report-2024-2025.pdf,23,0adc9772e55cf261b1f630a2e1378ce840e66c0d2868c079e7a849530dbefca8,table numeric row,"Time from triage to initial physician assessment for included patients; 90th percentile, not mean or median.",2021-22 and2022-23 revised to exclude Left Without Being Seen; no connection to older median/17site/acuity-group metric. Current methodology appendix mistakenly includes an EMS paragraph; table and narrative plus2023-24 method support ED interpretation.,"                                                                                            Results Analysis




As part of ASI, the second operating room at the Rocky Mountain House Health Centre became
operational in April 2024. This project supports the government’s commitment to improve access
to timely surgical care for Albertans, particularly in rural communities.

The expansion project added 4,736 square feet of new space, including:

    •        A new operating room
    •        Six additional recovery beds
    •        A patient support area
    •        An upgraded medical device reprocessing department

This investment enables the facility to provide approximately 120 surgeries per month,
significantly enhancing rural surgical capacity and reducing the need for patients to travel long
distances for care.

ED Wait Times, EHS Performance, and Workforce Initiatives

The Government of Alberta implemented several initiatives in 2024-25 to reduce ED wait times by
increasing front-line staff capacity and improving patient flow. As of March 2025, there were 3,888
AHS nurses (including registered nurses, licensed practical nurses, and health care aides) working
in EDs —157 more than the previous year. Between April 1, 2024, and March 31, 2025, 83 ED
physicians were recruited, including:

    •        Physicians with a specialty designation
    •        Family physicians with additional emergency medicine certification
    •        Family physicians working in EDs without added credentials (Note: Covenant Health
             physicians are not included in these totals.)

Performance Measure 1.a:
     Emergency department wait times: 90th percentile time to initial physician assessment
     in the 16 largest sites (in hours)

                                                                                    2024-25      2024-25
                                      2021-22          2022-23         2023-24
                                                                                     Target       Actual

 ED wait times: 90th
                                                                                     Below
 percentile time to initial
                                       4.5*             6.2*              6.7       2023-24         7.0
 physician assessment in
                                                                                     results
 the 16 largest sites (hours)1
Source: Emergency Department Visit Data Repository, Emergency Department Information Systems, AHS
1A lower time indicates faster access to care.

*The methodology was revised to exclude data for patients that ‘Left Without Being Seen’ and results were
updated from 4.6 to 4.5 hours in 2021-22 and 6.3 to 6.2 hours in 2022-23.

The performance measure on ED wait times tracks the time to see a physician after being triaged on
arrival 90 per cent of the time in the 16 largest hospitals. The lower the number the better, as it
demonstrates patients are receiving timely assessment and treatment in EDs. In 2024-25, the wait
time to see a physician in the ED was 7.0 hours compared to 6.7 hours in 2023-24. The trend shows


Health | Annual Report 2024–2025                                                                            21
"
ED initial physician assessment wait,16 largest hospital sites,2022-23,fiscal year,6.2,hours at 90th percentile,,lower is better,2024-25,True,Quality of Life Analysis/research/health/current/hlth-annual-report-2024-2025.pdf,23,0adc9772e55cf261b1f630a2e1378ce840e66c0d2868c079e7a849530dbefca8,table numeric row,"Time from triage to initial physician assessment for included patients; 90th percentile, not mean or median.",2021-22 and2022-23 revised to exclude Left Without Being Seen; no connection to older median/17site/acuity-group metric. Current methodology appendix mistakenly includes an EMS paragraph; table and narrative plus2023-24 method support ED interpretation.,"                                                                                            Results Analysis




As part of ASI, the second operating room at the Rocky Mountain House Health Centre became
operational in April 2024. This project supports the government’s commitment to improve access
to timely surgical care for Albertans, particularly in rural communities.

The expansion project added 4,736 square feet of new space, including:

    •        A new operating room
    •        Six additional recovery beds
    •        A patient support area
    •        An upgraded medical device reprocessing department

This investment enables the facility to provide approximately 120 surgeries per month,
significantly enhancing rural surgical capacity and reducing the need for patients to travel long
distances for care.

ED Wait Times, EHS Performance, and Workforce Initiatives

The Government of Alberta implemented several initiatives in 2024-25 to reduce ED wait times by
increasing front-line staff capacity and improving patient flow. As of March 2025, there were 3,888
AHS nurses (including registered nurses, licensed practical nurses, and health care aides) working
in EDs —157 more than the previous year. Between April 1, 2024, and March 31, 2025, 83 ED
physicians were recruited, including:

    •        Physicians with a specialty designation
    •        Family physicians with additional emergency medicine certification
    •        Family physicians working in EDs without added credentials (Note: Covenant Health
             physicians are not included in these totals.)

Performance Measure 1.a:
     Emergency department wait times: 90th percentile time to initial physician assessment
     in the 16 largest sites (in hours)

                                                                                    2024-25      2024-25
                                      2021-22          2022-23         2023-24
                                                                                     Target       Actual

 ED wait times: 90th
                                                                                     Below
 percentile time to initial
                                       4.5*             6.2*              6.7       2023-24         7.0
 physician assessment in
                                                                                     results
 the 16 largest sites (hours)1
Source: Emergency Department Visit Data Repository, Emergency Department Information Systems, AHS
1A lower time indicates faster access to care.

*The methodology was revised to exclude data for patients that ‘Left Without Being Seen’ and results were
updated from 4.6 to 4.5 hours in 2021-22 and 6.3 to 6.2 hours in 2022-23.

The performance measure on ED wait times tracks the time to see a physician after being triaged on
arrival 90 per cent of the time in the 16 largest hospitals. The lower the number the better, as it
demonstrates patients are receiving timely assessment and treatment in EDs. In 2024-25, the wait
time to see a physician in the ED was 7.0 hours compared to 6.7 hours in 2023-24. The trend shows


Health | Annual Report 2024–2025                                                                            21
"
ED initial physician assessment wait,16 largest hospital sites,2023-24,fiscal year,6.7,hours at 90th percentile,,lower is better,2024-25,True,Quality of Life Analysis/research/health/current/hlth-annual-report-2024-2025.pdf,23,0adc9772e55cf261b1f630a2e1378ce840e66c0d2868c079e7a849530dbefca8,table numeric row,"Time from triage to initial physician assessment for included patients; 90th percentile, not mean or median.",2021-22 and2022-23 revised to exclude Left Without Being Seen; no connection to older median/17site/acuity-group metric. Current methodology appendix mistakenly includes an EMS paragraph; table and narrative plus2023-24 method support ED interpretation.,"                                                                                            Results Analysis




As part of ASI, the second operating room at the Rocky Mountain House Health Centre became
operational in April 2024. This project supports the government’s commitment to improve access
to timely surgical care for Albertans, particularly in rural communities.

The expansion project added 4,736 square feet of new space, including:

    •        A new operating room
    •        Six additional recovery beds
    •        A patient support area
    •        An upgraded medical device reprocessing department

This investment enables the facility to provide approximately 120 surgeries per month,
significantly enhancing rural surgical capacity and reducing the need for patients to travel long
distances for care.

ED Wait Times, EHS Performance, and Workforce Initiatives

The Government of Alberta implemented several initiatives in 2024-25 to reduce ED wait times by
increasing front-line staff capacity and improving patient flow. As of March 2025, there were 3,888
AHS nurses (including registered nurses, licensed practical nurses, and health care aides) working
in EDs —157 more than the previous year. Between April 1, 2024, and March 31, 2025, 83 ED
physicians were recruited, including:

    •        Physicians with a specialty designation
    •        Family physicians with additional emergency medicine certification
    •        Family physicians working in EDs without added credentials (Note: Covenant Health
             physicians are not included in these totals.)

Performance Measure 1.a:
     Emergency department wait times: 90th percentile time to initial physician assessment
     in the 16 largest sites (in hours)

                                                                                    2024-25      2024-25
                                      2021-22          2022-23         2023-24
                                                                                     Target       Actual

 ED wait times: 90th
                                                                                     Below
 percentile time to initial
                                       4.5*             6.2*              6.7       2023-24         7.0
 physician assessment in
                                                                                     results
 the 16 largest sites (hours)1
Source: Emergency Department Visit Data Repository, Emergency Department Information Systems, AHS
1A lower time indicates faster access to care.

*The methodology was revised to exclude data for patients that ‘Left Without Being Seen’ and results were
updated from 4.6 to 4.5 hours in 2021-22 and 6.3 to 6.2 hours in 2022-23.

The performance measure on ED wait times tracks the time to see a physician after being triaged on
arrival 90 per cent of the time in the 16 largest hospitals. The lower the number the better, as it
demonstrates patients are receiving timely assessment and treatment in EDs. In 2024-25, the wait
time to see a physician in the ED was 7.0 hours compared to 6.7 hours in 2023-24. The trend shows


Health | Annual Report 2024–2025                                                                            21
"
ED initial physician assessment wait,16 largest hospital sites,2024-25,fiscal year,7.0,hours at 90th percentile,below 2023-24 value (6.7h),lower is better,2024-25,True,Quality of Life Analysis/research/health/current/hlth-annual-report-2024-2025.pdf,23,0adc9772e55cf261b1f630a2e1378ce840e66c0d2868c079e7a849530dbefca8,table numeric row,"Time from triage to initial physician assessment for included patients; 90th percentile, not mean or median.",2021-22 and2022-23 revised to exclude Left Without Being Seen; no connection to older median/17site/acuity-group metric. Current methodology appendix mistakenly includes an EMS paragraph; table and narrative plus2023-24 method support ED interpretation.,"                                                                                            Results Analysis




As part of ASI, the second operating room at the Rocky Mountain House Health Centre became
operational in April 2024. This project supports the government’s commitment to improve access
to timely surgical care for Albertans, particularly in rural communities.

The expansion project added 4,736 square feet of new space, including:

    •        A new operating room
    •        Six additional recovery beds
    •        A patient support area
    •        An upgraded medical device reprocessing department

This investment enables the facility to provide approximately 120 surgeries per month,
significantly enhancing rural surgical capacity and reducing the need for patients to travel long
distances for care.

ED Wait Times, EHS Performance, and Workforce Initiatives

The Government of Alberta implemented several initiatives in 2024-25 to reduce ED wait times by
increasing front-line staff capacity and improving patient flow. As of March 2025, there were 3,888
AHS nurses (including registered nurses, licensed practical nurses, and health care aides) working
in EDs —157 more than the previous year. Between April 1, 2024, and March 31, 2025, 83 ED
physicians were recruited, including:

    •        Physicians with a specialty designation
    •        Family physicians with additional emergency medicine certification
    •        Family physicians working in EDs without added credentials (Note: Covenant Health
             physicians are not included in these totals.)

Performance Measure 1.a:
     Emergency department wait times: 90th percentile time to initial physician assessment
     in the 16 largest sites (in hours)

                                                                                    2024-25      2024-25
                                      2021-22          2022-23         2023-24
                                                                                     Target       Actual

 ED wait times: 90th
                                                                                     Below
 percentile time to initial
                                       4.5*             6.2*              6.7       2023-24         7.0
 physician assessment in
                                                                                     results
 the 16 largest sites (hours)1
Source: Emergency Department Visit Data Repository, Emergency Department Information Systems, AHS
1A lower time indicates faster access to care.

*The methodology was revised to exclude data for patients that ‘Left Without Being Seen’ and results were
updated from 4.6 to 4.5 hours in 2021-22 and 6.3 to 6.2 hours in 2022-23.

The performance measure on ED wait times tracks the time to see a physician after being triaged on
arrival 90 per cent of the time in the 16 largest hospitals. The lower the number the better, as it
demonstrates patients are receiving timely assessment and treatment in EDs. In 2024-25, the wait
time to see a physician in the ED was 7.0 hours compared to 6.7 hours in 2023-24. The trend shows


Health | Annual Report 2024–2025                                                                            21
"
EMS urgent-call response,Metro/urban,2021-22,fiscal year,14.6,minutes at 90th percentile,,lower is better,2024-25,True,Quality of Life Analysis/research/health/current/hlth-annual-report-2024-2025.pdf,24,0adc9772e55cf261b1f630a2e1378ce840e66c0d2868c079e7a849530dbefca8,table numeric row,"Event-level 911 response interval for Delta/Echo life-threatening calls, grouped by geographic location.","Excludes interfacility transfers, other acuity categories, missing timestamps. Aggregate geography is not individual patient access or outcome.","Results Analysis



that patients were waiting 0.3 hours longer in the ED to see a physician in 2024-25 compared with
last year. The longer ED wait times was due to an increase in ED visits and the number of patients
with the highest level of acuity that require aggressive interventions such as patients with cardiac
arrest or major trauma.

An approximate 2.6 per cent increase in total ED visits and a 4.0 per cent increase in high-acuity
presentations were observed in 2024-25. In addition, hospital overcrowding and delays in
transferring patients to continuing care settings contributed to extended wait times.

To address these pressures, Alberta Health worked on initiatives such as:

     •       Expanding community care alternatives to divert non-urgent cases
     •       Improving access to continuing care beds
     •       Increasing hospital capacity
     •       Implementing streamlined patient discharge and treatment protocols in acute care.

EHS System Improvements

In 2024-25, the government spent $704 million to expand EHS and respond to the 98
recommendations from the Alberta Emergency Services Provincial Advisory Committee (AEPAC)
and the EHS Dispatch Review.

A new Alberta EMS Standing Committee was established and began meeting on April 24, 2024. This
committee includes frontline paramedics, municipal and Indigenous representatives, and other
community partners. Subcommittees address air ambulance, dispatch, ground ambulance, medical
first response, and workforce. The core committee meets monthly, while subcommittees meet
every eight weeks. These advisory groups are mandated until spring 2027.

Performance Measure 1.b:
     EMS 90th percentile response times (minutes) for the most urgent (life threatening)
     calls

                                     EMS Response Time for the Most Urgent Calls (minutes) 1

                                                                                                   2024-25
                               2021-22         2022-23        2023-24       2024-25 Target
                                                                                                    Actual
 Metro/urban                                                                Below 2023-24
                                 14.6            17.5           13.8                                 14.2
 communities                                                                    results
 Communities with                                                           Below 2023-24
                                 18.6            18.9           16.3                                 16.4
 over 3,000 residents                                                           results
 Rural communities
                                                                            Below 2023-24
 with under 3,000                33.8            33.9           33.3                                 29.2
                                                                                results
 residents
 Remote                                                                     Below 2023-24
                                 55.4            61.8           64.9                                 52.0
 communities                                                                    results
Source: EMS Computer Aided Dispatch (CAD) data captured with EMS Communications Centres, Alberta Health




22                                                                                Health | Annual Report 2024–2025
"
EMS urgent-call response,Metro/urban,2022-23,fiscal year,17.5,minutes at 90th percentile,,lower is better,2024-25,True,Quality of Life Analysis/research/health/current/hlth-annual-report-2024-2025.pdf,24,0adc9772e55cf261b1f630a2e1378ce840e66c0d2868c079e7a849530dbefca8,table numeric row,"Event-level 911 response interval for Delta/Echo life-threatening calls, grouped by geographic location.","Excludes interfacility transfers, other acuity categories, missing timestamps. Aggregate geography is not individual patient access or outcome.","Results Analysis



that patients were waiting 0.3 hours longer in the ED to see a physician in 2024-25 compared with
last year. The longer ED wait times was due to an increase in ED visits and the number of patients
with the highest level of acuity that require aggressive interventions such as patients with cardiac
arrest or major trauma.

An approximate 2.6 per cent increase in total ED visits and a 4.0 per cent increase in high-acuity
presentations were observed in 2024-25. In addition, hospital overcrowding and delays in
transferring patients to continuing care settings contributed to extended wait times.

To address these pressures, Alberta Health worked on initiatives such as:

     •       Expanding community care alternatives to divert non-urgent cases
     •       Improving access to continuing care beds
     •       Increasing hospital capacity
     •       Implementing streamlined patient discharge and treatment protocols in acute care.

EHS System Improvements

In 2024-25, the government spent $704 million to expand EHS and respond to the 98
recommendations from the Alberta Emergency Services Provincial Advisory Committee (AEPAC)
and the EHS Dispatch Review.

A new Alberta EMS Standing Committee was established and began meeting on April 24, 2024. This
committee includes frontline paramedics, municipal and Indigenous representatives, and other
community partners. Subcommittees address air ambulance, dispatch, ground ambulance, medical
first response, and workforce. The core committee meets monthly, while subcommittees meet
every eight weeks. These advisory groups are mandated until spring 2027.

Performance Measure 1.b:
     EMS 90th percentile response times (minutes) for the most urgent (life threatening)
     calls

                                     EMS Response Time for the Most Urgent Calls (minutes) 1

                                                                                                   2024-25
                               2021-22         2022-23        2023-24       2024-25 Target
                                                                                                    Actual
 Metro/urban                                                                Below 2023-24
                                 14.6            17.5           13.8                                 14.2
 communities                                                                    results
 Communities with                                                           Below 2023-24
                                 18.6            18.9           16.3                                 16.4
 over 3,000 residents                                                           results
 Rural communities
                                                                            Below 2023-24
 with under 3,000                33.8            33.9           33.3                                 29.2
                                                                                results
 residents
 Remote                                                                     Below 2023-24
                                 55.4            61.8           64.9                                 52.0
 communities                                                                    results
Source: EMS Computer Aided Dispatch (CAD) data captured with EMS Communications Centres, Alberta Health




22                                                                                Health | Annual Report 2024–2025
"
EMS urgent-call response,Metro/urban,2023-24,fiscal year,13.8,minutes at 90th percentile,,lower is better,2024-25,True,Quality of Life Analysis/research/health/current/hlth-annual-report-2024-2025.pdf,24,0adc9772e55cf261b1f630a2e1378ce840e66c0d2868c079e7a849530dbefca8,table numeric row,"Event-level 911 response interval for Delta/Echo life-threatening calls, grouped by geographic location.","Excludes interfacility transfers, other acuity categories, missing timestamps. Aggregate geography is not individual patient access or outcome.","Results Analysis



that patients were waiting 0.3 hours longer in the ED to see a physician in 2024-25 compared with
last year. The longer ED wait times was due to an increase in ED visits and the number of patients
with the highest level of acuity that require aggressive interventions such as patients with cardiac
arrest or major trauma.

An approximate 2.6 per cent increase in total ED visits and a 4.0 per cent increase in high-acuity
presentations were observed in 2024-25. In addition, hospital overcrowding and delays in
transferring patients to continuing care settings contributed to extended wait times.

To address these pressures, Alberta Health worked on initiatives such as:

     •       Expanding community care alternatives to divert non-urgent cases
     •       Improving access to continuing care beds
     •       Increasing hospital capacity
     •       Implementing streamlined patient discharge and treatment protocols in acute care.

EHS System Improvements

In 2024-25, the government spent $704 million to expand EHS and respond to the 98
recommendations from the Alberta Emergency Services Provincial Advisory Committee (AEPAC)
and the EHS Dispatch Review.

A new Alberta EMS Standing Committee was established and began meeting on April 24, 2024. This
committee includes frontline paramedics, municipal and Indigenous representatives, and other
community partners. Subcommittees address air ambulance, dispatch, ground ambulance, medical
first response, and workforce. The core committee meets monthly, while subcommittees meet
every eight weeks. These advisory groups are mandated until spring 2027.

Performance Measure 1.b:
     EMS 90th percentile response times (minutes) for the most urgent (life threatening)
     calls

                                     EMS Response Time for the Most Urgent Calls (minutes) 1

                                                                                                   2024-25
                               2021-22         2022-23        2023-24       2024-25 Target
                                                                                                    Actual
 Metro/urban                                                                Below 2023-24
                                 14.6            17.5           13.8                                 14.2
 communities                                                                    results
 Communities with                                                           Below 2023-24
                                 18.6            18.9           16.3                                 16.4
 over 3,000 residents                                                           results
 Rural communities
                                                                            Below 2023-24
 with under 3,000                33.8            33.9           33.3                                 29.2
                                                                                results
 residents
 Remote                                                                     Below 2023-24
                                 55.4            61.8           64.9                                 52.0
 communities                                                                    results
Source: EMS Computer Aided Dispatch (CAD) data captured with EMS Communications Centres, Alberta Health




22                                                                                Health | Annual Report 2024–2025
"
EMS urgent-call response,Metro/urban,2024-25,fiscal year,14.2,minutes at 90th percentile,below 2023-24 result,lower is better,2024-25,True,Quality of Life Analysis/research/health/current/hlth-annual-report-2024-2025.pdf,24,0adc9772e55cf261b1f630a2e1378ce840e66c0d2868c079e7a849530dbefca8,table numeric row,"Event-level 911 response interval for Delta/Echo life-threatening calls, grouped by geographic location.","Excludes interfacility transfers, other acuity categories, missing timestamps. Aggregate geography is not individual patient access or outcome.","Results Analysis



that patients were waiting 0.3 hours longer in the ED to see a physician in 2024-25 compared with
last year. The longer ED wait times was due to an increase in ED visits and the number of patients
with the highest level of acuity that require aggressive interventions such as patients with cardiac
arrest or major trauma.

An approximate 2.6 per cent increase in total ED visits and a 4.0 per cent increase in high-acuity
presentations were observed in 2024-25. In addition, hospital overcrowding and delays in
transferring patients to continuing care settings contributed to extended wait times.

To address these pressures, Alberta Health worked on initiatives such as:

     •       Expanding community care alternatives to divert non-urgent cases
     •       Improving access to continuing care beds
     •       Increasing hospital capacity
     •       Implementing streamlined patient discharge and treatment protocols in acute care.

EHS System Improvements

In 2024-25, the government spent $704 million to expand EHS and respond to the 98
recommendations from the Alberta Emergency Services Provincial Advisory Committee (AEPAC)
and the EHS Dispatch Review.

A new Alberta EMS Standing Committee was established and began meeting on April 24, 2024. This
committee includes frontline paramedics, municipal and Indigenous representatives, and other
community partners. Subcommittees address air ambulance, dispatch, ground ambulance, medical
first response, and workforce. The core committee meets monthly, while subcommittees meet
every eight weeks. These advisory groups are mandated until spring 2027.

Performance Measure 1.b:
     EMS 90th percentile response times (minutes) for the most urgent (life threatening)
     calls

                                     EMS Response Time for the Most Urgent Calls (minutes) 1

                                                                                                   2024-25
                               2021-22         2022-23        2023-24       2024-25 Target
                                                                                                    Actual
 Metro/urban                                                                Below 2023-24
                                 14.6            17.5           13.8                                 14.2
 communities                                                                    results
 Communities with                                                           Below 2023-24
                                 18.6            18.9           16.3                                 16.4
 over 3,000 residents                                                           results
 Rural communities
                                                                            Below 2023-24
 with under 3,000                33.8            33.9           33.3                                 29.2
                                                                                results
 residents
 Remote                                                                     Below 2023-24
                                 55.4            61.8           64.9                                 52.0
 communities                                                                    results
Source: EMS Computer Aided Dispatch (CAD) data captured with EMS Communications Centres, Alberta Health




22                                                                                Health | Annual Report 2024–2025
"
EMS urgent-call response,Communities >3000 residents,2021-22,fiscal year,18.6,minutes at 90th percentile,,lower is better,2024-25,True,Quality of Life Analysis/research/health/current/hlth-annual-report-2024-2025.pdf,24,0adc9772e55cf261b1f630a2e1378ce840e66c0d2868c079e7a849530dbefca8,table numeric row,"Event-level 911 response interval for Delta/Echo life-threatening calls, grouped by geographic location.","Excludes interfacility transfers, other acuity categories, missing timestamps. Aggregate geography is not individual patient access or outcome.","Results Analysis



that patients were waiting 0.3 hours longer in the ED to see a physician in 2024-25 compared with
last year. The longer ED wait times was due to an increase in ED visits and the number of patients
with the highest level of acuity that require aggressive interventions such as patients with cardiac
arrest or major trauma.

An approximate 2.6 per cent increase in total ED visits and a 4.0 per cent increase in high-acuity
presentations were observed in 2024-25. In addition, hospital overcrowding and delays in
transferring patients to continuing care settings contributed to extended wait times.

To address these pressures, Alberta Health worked on initiatives such as:

     •       Expanding community care alternatives to divert non-urgent cases
     •       Improving access to continuing care beds
     •       Increasing hospital capacity
     •       Implementing streamlined patient discharge and treatment protocols in acute care.

EHS System Improvements

In 2024-25, the government spent $704 million to expand EHS and respond to the 98
recommendations from the Alberta Emergency Services Provincial Advisory Committee (AEPAC)
and the EHS Dispatch Review.

A new Alberta EMS Standing Committee was established and began meeting on April 24, 2024. This
committee includes frontline paramedics, municipal and Indigenous representatives, and other
community partners. Subcommittees address air ambulance, dispatch, ground ambulance, medical
first response, and workforce. The core committee meets monthly, while subcommittees meet
every eight weeks. These advisory groups are mandated until spring 2027.

Performance Measure 1.b:
     EMS 90th percentile response times (minutes) for the most urgent (life threatening)
     calls

                                     EMS Response Time for the Most Urgent Calls (minutes) 1

                                                                                                   2024-25
                               2021-22         2022-23        2023-24       2024-25 Target
                                                                                                    Actual
 Metro/urban                                                                Below 2023-24
                                 14.6            17.5           13.8                                 14.2
 communities                                                                    results
 Communities with                                                           Below 2023-24
                                 18.6            18.9           16.3                                 16.4
 over 3,000 residents                                                           results
 Rural communities
                                                                            Below 2023-24
 with under 3,000                33.8            33.9           33.3                                 29.2
                                                                                results
 residents
 Remote                                                                     Below 2023-24
                                 55.4            61.8           64.9                                 52.0
 communities                                                                    results
Source: EMS Computer Aided Dispatch (CAD) data captured with EMS Communications Centres, Alberta Health




22                                                                                Health | Annual Report 2024–2025
"
EMS urgent-call response,Communities >3000 residents,2022-23,fiscal year,18.9,minutes at 90th percentile,,lower is better,2024-25,True,Quality of Life Analysis/research/health/current/hlth-annual-report-2024-2025.pdf,24,0adc9772e55cf261b1f630a2e1378ce840e66c0d2868c079e7a849530dbefca8,table numeric row,"Event-level 911 response interval for Delta/Echo life-threatening calls, grouped by geographic location.","Excludes interfacility transfers, other acuity categories, missing timestamps. Aggregate geography is not individual patient access or outcome.","Results Analysis



that patients were waiting 0.3 hours longer in the ED to see a physician in 2024-25 compared with
last year. The longer ED wait times was due to an increase in ED visits and the number of patients
with the highest level of acuity that require aggressive interventions such as patients with cardiac
arrest or major trauma.

An approximate 2.6 per cent increase in total ED visits and a 4.0 per cent increase in high-acuity
presentations were observed in 2024-25. In addition, hospital overcrowding and delays in
transferring patients to continuing care settings contributed to extended wait times.

To address these pressures, Alberta Health worked on initiatives such as:

     •       Expanding community care alternatives to divert non-urgent cases
     •       Improving access to continuing care beds
     •       Increasing hospital capacity
     •       Implementing streamlined patient discharge and treatment protocols in acute care.

EHS System Improvements

In 2024-25, the government spent $704 million to expand EHS and respond to the 98
recommendations from the Alberta Emergency Services Provincial Advisory Committee (AEPAC)
and the EHS Dispatch Review.

A new Alberta EMS Standing Committee was established and began meeting on April 24, 2024. This
committee includes frontline paramedics, municipal and Indigenous representatives, and other
community partners. Subcommittees address air ambulance, dispatch, ground ambulance, medical
first response, and workforce. The core committee meets monthly, while subcommittees meet
every eight weeks. These advisory groups are mandated until spring 2027.

Performance Measure 1.b:
     EMS 90th percentile response times (minutes) for the most urgent (life threatening)
     calls

                                     EMS Response Time for the Most Urgent Calls (minutes) 1

                                                                                                   2024-25
                               2021-22         2022-23        2023-24       2024-25 Target
                                                                                                    Actual
 Metro/urban                                                                Below 2023-24
                                 14.6            17.5           13.8                                 14.2
 communities                                                                    results
 Communities with                                                           Below 2023-24
                                 18.6            18.9           16.3                                 16.4
 over 3,000 residents                                                           results
 Rural communities
                                                                            Below 2023-24
 with under 3,000                33.8            33.9           33.3                                 29.2
                                                                                results
 residents
 Remote                                                                     Below 2023-24
                                 55.4            61.8           64.9                                 52.0
 communities                                                                    results
Source: EMS Computer Aided Dispatch (CAD) data captured with EMS Communications Centres, Alberta Health




22                                                                                Health | Annual Report 2024–2025
"
EMS urgent-call response,Communities >3000 residents,2023-24,fiscal year,16.3,minutes at 90th percentile,,lower is better,2024-25,True,Quality of Life Analysis/research/health/current/hlth-annual-report-2024-2025.pdf,24,0adc9772e55cf261b1f630a2e1378ce840e66c0d2868c079e7a849530dbefca8,table numeric row,"Event-level 911 response interval for Delta/Echo life-threatening calls, grouped by geographic location.","Excludes interfacility transfers, other acuity categories, missing timestamps. Aggregate geography is not individual patient access or outcome.","Results Analysis



that patients were waiting 0.3 hours longer in the ED to see a physician in 2024-25 compared with
last year. The longer ED wait times was due to an increase in ED visits and the number of patients
with the highest level of acuity that require aggressive interventions such as patients with cardiac
arrest or major trauma.

An approximate 2.6 per cent increase in total ED visits and a 4.0 per cent increase in high-acuity
presentations were observed in 2024-25. In addition, hospital overcrowding and delays in
transferring patients to continuing care settings contributed to extended wait times.

To address these pressures, Alberta Health worked on initiatives such as:

     •       Expanding community care alternatives to divert non-urgent cases
     •       Improving access to continuing care beds
     •       Increasing hospital capacity
     •       Implementing streamlined patient discharge and treatment protocols in acute care.

EHS System Improvements

In 2024-25, the government spent $704 million to expand EHS and respond to the 98
recommendations from the Alberta Emergency Services Provincial Advisory Committee (AEPAC)
and the EHS Dispatch Review.

A new Alberta EMS Standing Committee was established and began meeting on April 24, 2024. This
committee includes frontline paramedics, municipal and Indigenous representatives, and other
community partners. Subcommittees address air ambulance, dispatch, ground ambulance, medical
first response, and workforce. The core committee meets monthly, while subcommittees meet
every eight weeks. These advisory groups are mandated until spring 2027.

Performance Measure 1.b:
     EMS 90th percentile response times (minutes) for the most urgent (life threatening)
     calls

                                     EMS Response Time for the Most Urgent Calls (minutes) 1

                                                                                                   2024-25
                               2021-22         2022-23        2023-24       2024-25 Target
                                                                                                    Actual
 Metro/urban                                                                Below 2023-24
                                 14.6            17.5           13.8                                 14.2
 communities                                                                    results
 Communities with                                                           Below 2023-24
                                 18.6            18.9           16.3                                 16.4
 over 3,000 residents                                                           results
 Rural communities
                                                                            Below 2023-24
 with under 3,000                33.8            33.9           33.3                                 29.2
                                                                                results
 residents
 Remote                                                                     Below 2023-24
                                 55.4            61.8           64.9                                 52.0
 communities                                                                    results
Source: EMS Computer Aided Dispatch (CAD) data captured with EMS Communications Centres, Alberta Health




22                                                                                Health | Annual Report 2024–2025
"
EMS urgent-call response,Communities >3000 residents,2024-25,fiscal year,16.4,minutes at 90th percentile,below 2023-24 result,lower is better,2024-25,True,Quality of Life Analysis/research/health/current/hlth-annual-report-2024-2025.pdf,24,0adc9772e55cf261b1f630a2e1378ce840e66c0d2868c079e7a849530dbefca8,table numeric row,"Event-level 911 response interval for Delta/Echo life-threatening calls, grouped by geographic location.","Excludes interfacility transfers, other acuity categories, missing timestamps. Aggregate geography is not individual patient access or outcome.","Results Analysis



that patients were waiting 0.3 hours longer in the ED to see a physician in 2024-25 compared with
last year. The longer ED wait times was due to an increase in ED visits and the number of patients
with the highest level of acuity that require aggressive interventions such as patients with cardiac
arrest or major trauma.

An approximate 2.6 per cent increase in total ED visits and a 4.0 per cent increase in high-acuity
presentations were observed in 2024-25. In addition, hospital overcrowding and delays in
transferring patients to continuing care settings contributed to extended wait times.

To address these pressures, Alberta Health worked on initiatives such as:

     •       Expanding community care alternatives to divert non-urgent cases
     •       Improving access to continuing care beds
     •       Increasing hospital capacity
     •       Implementing streamlined patient discharge and treatment protocols in acute care.

EHS System Improvements

In 2024-25, the government spent $704 million to expand EHS and respond to the 98
recommendations from the Alberta Emergency Services Provincial Advisory Committee (AEPAC)
and the EHS Dispatch Review.

A new Alberta EMS Standing Committee was established and began meeting on April 24, 2024. This
committee includes frontline paramedics, municipal and Indigenous representatives, and other
community partners. Subcommittees address air ambulance, dispatch, ground ambulance, medical
first response, and workforce. The core committee meets monthly, while subcommittees meet
every eight weeks. These advisory groups are mandated until spring 2027.

Performance Measure 1.b:
     EMS 90th percentile response times (minutes) for the most urgent (life threatening)
     calls

                                     EMS Response Time for the Most Urgent Calls (minutes) 1

                                                                                                   2024-25
                               2021-22         2022-23        2023-24       2024-25 Target
                                                                                                    Actual
 Metro/urban                                                                Below 2023-24
                                 14.6            17.5           13.8                                 14.2
 communities                                                                    results
 Communities with                                                           Below 2023-24
                                 18.6            18.9           16.3                                 16.4
 over 3,000 residents                                                           results
 Rural communities
                                                                            Below 2023-24
 with under 3,000                33.8            33.9           33.3                                 29.2
                                                                                results
 residents
 Remote                                                                     Below 2023-24
                                 55.4            61.8           64.9                                 52.0
 communities                                                                    results
Source: EMS Computer Aided Dispatch (CAD) data captured with EMS Communications Centres, Alberta Health




22                                                                                Health | Annual Report 2024–2025
"
EMS urgent-call response,Rural <3000 residents,2021-22,fiscal year,33.8,minutes at 90th percentile,,lower is better,2024-25,True,Quality of Life Analysis/research/health/current/hlth-annual-report-2024-2025.pdf,24,0adc9772e55cf261b1f630a2e1378ce840e66c0d2868c079e7a849530dbefca8,table numeric row,"Event-level 911 response interval for Delta/Echo life-threatening calls, grouped by geographic location.","Excludes interfacility transfers, other acuity categories, missing timestamps. Aggregate geography is not individual patient access or outcome.","Results Analysis



that patients were waiting 0.3 hours longer in the ED to see a physician in 2024-25 compared with
last year. The longer ED wait times was due to an increase in ED visits and the number of patients
with the highest level of acuity that require aggressive interventions such as patients with cardiac
arrest or major trauma.

An approximate 2.6 per cent increase in total ED visits and a 4.0 per cent increase in high-acuity
presentations were observed in 2024-25. In addition, hospital overcrowding and delays in
transferring patients to continuing care settings contributed to extended wait times.

To address these pressures, Alberta Health worked on initiatives such as:

     •       Expanding community care alternatives to divert non-urgent cases
     •       Improving access to continuing care beds
     •       Increasing hospital capacity
     •       Implementing streamlined patient discharge and treatment protocols in acute care.

EHS System Improvements

In 2024-25, the government spent $704 million to expand EHS and respond to the 98
recommendations from the Alberta Emergency Services Provincial Advisory Committee (AEPAC)
and the EHS Dispatch Review.

A new Alberta EMS Standing Committee was established and began meeting on April 24, 2024. This
committee includes frontline paramedics, municipal and Indigenous representatives, and other
community partners. Subcommittees address air ambulance, dispatch, ground ambulance, medical
first response, and workforce. The core committee meets monthly, while subcommittees meet
every eight weeks. These advisory groups are mandated until spring 2027.

Performance Measure 1.b:
     EMS 90th percentile response times (minutes) for the most urgent (life threatening)
     calls

                                     EMS Response Time for the Most Urgent Calls (minutes) 1

                                                                                                   2024-25
                               2021-22         2022-23        2023-24       2024-25 Target
                                                                                                    Actual
 Metro/urban                                                                Below 2023-24
                                 14.6            17.5           13.8                                 14.2
 communities                                                                    results
 Communities with                                                           Below 2023-24
                                 18.6            18.9           16.3                                 16.4
 over 3,000 residents                                                           results
 Rural communities
                                                                            Below 2023-24
 with under 3,000                33.8            33.9           33.3                                 29.2
                                                                                results
 residents
 Remote                                                                     Below 2023-24
                                 55.4            61.8           64.9                                 52.0
 communities                                                                    results
Source: EMS Computer Aided Dispatch (CAD) data captured with EMS Communications Centres, Alberta Health




22                                                                                Health | Annual Report 2024–2025
"
EMS urgent-call response,Rural <3000 residents,2022-23,fiscal year,33.9,minutes at 90th percentile,,lower is better,2024-25,True,Quality of Life Analysis/research/health/current/hlth-annual-report-2024-2025.pdf,24,0adc9772e55cf261b1f630a2e1378ce840e66c0d2868c079e7a849530dbefca8,table numeric row,"Event-level 911 response interval for Delta/Echo life-threatening calls, grouped by geographic location.","Excludes interfacility transfers, other acuity categories, missing timestamps. Aggregate geography is not individual patient access or outcome.","Results Analysis



that patients were waiting 0.3 hours longer in the ED to see a physician in 2024-25 compared with
last year. The longer ED wait times was due to an increase in ED visits and the number of patients
with the highest level of acuity that require aggressive interventions such as patients with cardiac
arrest or major trauma.

An approximate 2.6 per cent increase in total ED visits and a 4.0 per cent increase in high-acuity
presentations were observed in 2024-25. In addition, hospital overcrowding and delays in
transferring patients to continuing care settings contributed to extended wait times.

To address these pressures, Alberta Health worked on initiatives such as:

     •       Expanding community care alternatives to divert non-urgent cases
     •       Improving access to continuing care beds
     •       Increasing hospital capacity
     •       Implementing streamlined patient discharge and treatment protocols in acute care.

EHS System Improvements

In 2024-25, the government spent $704 million to expand EHS and respond to the 98
recommendations from the Alberta Emergency Services Provincial Advisory Committee (AEPAC)
and the EHS Dispatch Review.

A new Alberta EMS Standing Committee was established and began meeting on April 24, 2024. This
committee includes frontline paramedics, municipal and Indigenous representatives, and other
community partners. Subcommittees address air ambulance, dispatch, ground ambulance, medical
first response, and workforce. The core committee meets monthly, while subcommittees meet
every eight weeks. These advisory groups are mandated until spring 2027.

Performance Measure 1.b:
     EMS 90th percentile response times (minutes) for the most urgent (life threatening)
     calls

                                     EMS Response Time for the Most Urgent Calls (minutes) 1

                                                                                                   2024-25
                               2021-22         2022-23        2023-24       2024-25 Target
                                                                                                    Actual
 Metro/urban                                                                Below 2023-24
                                 14.6            17.5           13.8                                 14.2
 communities                                                                    results
 Communities with                                                           Below 2023-24
                                 18.6            18.9           16.3                                 16.4
 over 3,000 residents                                                           results
 Rural communities
                                                                            Below 2023-24
 with under 3,000                33.8            33.9           33.3                                 29.2
                                                                                results
 residents
 Remote                                                                     Below 2023-24
                                 55.4            61.8           64.9                                 52.0
 communities                                                                    results
Source: EMS Computer Aided Dispatch (CAD) data captured with EMS Communications Centres, Alberta Health




22                                                                                Health | Annual Report 2024–2025
"
EMS urgent-call response,Rural <3000 residents,2023-24,fiscal year,33.3,minutes at 90th percentile,,lower is better,2024-25,True,Quality of Life Analysis/research/health/current/hlth-annual-report-2024-2025.pdf,24,0adc9772e55cf261b1f630a2e1378ce840e66c0d2868c079e7a849530dbefca8,table numeric row,"Event-level 911 response interval for Delta/Echo life-threatening calls, grouped by geographic location.","Excludes interfacility transfers, other acuity categories, missing timestamps. Aggregate geography is not individual patient access or outcome.","Results Analysis



that patients were waiting 0.3 hours longer in the ED to see a physician in 2024-25 compared with
last year. The longer ED wait times was due to an increase in ED visits and the number of patients
with the highest level of acuity that require aggressive interventions such as patients with cardiac
arrest or major trauma.

An approximate 2.6 per cent increase in total ED visits and a 4.0 per cent increase in high-acuity
presentations were observed in 2024-25. In addition, hospital overcrowding and delays in
transferring patients to continuing care settings contributed to extended wait times.

To address these pressures, Alberta Health worked on initiatives such as:

     •       Expanding community care alternatives to divert non-urgent cases
     •       Improving access to continuing care beds
     •       Increasing hospital capacity
     •       Implementing streamlined patient discharge and treatment protocols in acute care.

EHS System Improvements

In 2024-25, the government spent $704 million to expand EHS and respond to the 98
recommendations from the Alberta Emergency Services Provincial Advisory Committee (AEPAC)
and the EHS Dispatch Review.

A new Alberta EMS Standing Committee was established and began meeting on April 24, 2024. This
committee includes frontline paramedics, municipal and Indigenous representatives, and other
community partners. Subcommittees address air ambulance, dispatch, ground ambulance, medical
first response, and workforce. The core committee meets monthly, while subcommittees meet
every eight weeks. These advisory groups are mandated until spring 2027.

Performance Measure 1.b:
     EMS 90th percentile response times (minutes) for the most urgent (life threatening)
     calls

                                     EMS Response Time for the Most Urgent Calls (minutes) 1

                                                                                                   2024-25
                               2021-22         2022-23        2023-24       2024-25 Target
                                                                                                    Actual
 Metro/urban                                                                Below 2023-24
                                 14.6            17.5           13.8                                 14.2
 communities                                                                    results
 Communities with                                                           Below 2023-24
                                 18.6            18.9           16.3                                 16.4
 over 3,000 residents                                                           results
 Rural communities
                                                                            Below 2023-24
 with under 3,000                33.8            33.9           33.3                                 29.2
                                                                                results
 residents
 Remote                                                                     Below 2023-24
                                 55.4            61.8           64.9                                 52.0
 communities                                                                    results
Source: EMS Computer Aided Dispatch (CAD) data captured with EMS Communications Centres, Alberta Health




22                                                                                Health | Annual Report 2024–2025
"
EMS urgent-call response,Rural <3000 residents,2024-25,fiscal year,29.2,minutes at 90th percentile,below 2023-24 result,lower is better,2024-25,True,Quality of Life Analysis/research/health/current/hlth-annual-report-2024-2025.pdf,24,0adc9772e55cf261b1f630a2e1378ce840e66c0d2868c079e7a849530dbefca8,table numeric row,"Event-level 911 response interval for Delta/Echo life-threatening calls, grouped by geographic location.","Excludes interfacility transfers, other acuity categories, missing timestamps. Aggregate geography is not individual patient access or outcome.","Results Analysis



that patients were waiting 0.3 hours longer in the ED to see a physician in 2024-25 compared with
last year. The longer ED wait times was due to an increase in ED visits and the number of patients
with the highest level of acuity that require aggressive interventions such as patients with cardiac
arrest or major trauma.

An approximate 2.6 per cent increase in total ED visits and a 4.0 per cent increase in high-acuity
presentations were observed in 2024-25. In addition, hospital overcrowding and delays in
transferring patients to continuing care settings contributed to extended wait times.

To address these pressures, Alberta Health worked on initiatives such as:

     •       Expanding community care alternatives to divert non-urgent cases
     •       Improving access to continuing care beds
     •       Increasing hospital capacity
     •       Implementing streamlined patient discharge and treatment protocols in acute care.

EHS System Improvements

In 2024-25, the government spent $704 million to expand EHS and respond to the 98
recommendations from the Alberta Emergency Services Provincial Advisory Committee (AEPAC)
and the EHS Dispatch Review.

A new Alberta EMS Standing Committee was established and began meeting on April 24, 2024. This
committee includes frontline paramedics, municipal and Indigenous representatives, and other
community partners. Subcommittees address air ambulance, dispatch, ground ambulance, medical
first response, and workforce. The core committee meets monthly, while subcommittees meet
every eight weeks. These advisory groups are mandated until spring 2027.

Performance Measure 1.b:
     EMS 90th percentile response times (minutes) for the most urgent (life threatening)
     calls

                                     EMS Response Time for the Most Urgent Calls (minutes) 1

                                                                                                   2024-25
                               2021-22         2022-23        2023-24       2024-25 Target
                                                                                                    Actual
 Metro/urban                                                                Below 2023-24
                                 14.6            17.5           13.8                                 14.2
 communities                                                                    results
 Communities with                                                           Below 2023-24
                                 18.6            18.9           16.3                                 16.4
 over 3,000 residents                                                           results
 Rural communities
                                                                            Below 2023-24
 with under 3,000                33.8            33.9           33.3                                 29.2
                                                                                results
 residents
 Remote                                                                     Below 2023-24
                                 55.4            61.8           64.9                                 52.0
 communities                                                                    results
Source: EMS Computer Aided Dispatch (CAD) data captured with EMS Communications Centres, Alberta Health




22                                                                                Health | Annual Report 2024–2025
"
EMS urgent-call response,Remote,2021-22,fiscal year,55.4,minutes at 90th percentile,,lower is better,2024-25,True,Quality of Life Analysis/research/health/current/hlth-annual-report-2024-2025.pdf,24,0adc9772e55cf261b1f630a2e1378ce840e66c0d2868c079e7a849530dbefca8,table numeric row,"Event-level 911 response interval for Delta/Echo life-threatening calls, grouped by geographic location.","Excludes interfacility transfers, other acuity categories, missing timestamps. Aggregate geography is not individual patient access or outcome.","Results Analysis



that patients were waiting 0.3 hours longer in the ED to see a physician in 2024-25 compared with
last year. The longer ED wait times was due to an increase in ED visits and the number of patients
with the highest level of acuity that require aggressive interventions such as patients with cardiac
arrest or major trauma.

An approximate 2.6 per cent increase in total ED visits and a 4.0 per cent increase in high-acuity
presentations were observed in 2024-25. In addition, hospital overcrowding and delays in
transferring patients to continuing care settings contributed to extended wait times.

To address these pressures, Alberta Health worked on initiatives such as:

     •       Expanding community care alternatives to divert non-urgent cases
     •       Improving access to continuing care beds
     •       Increasing hospital capacity
     •       Implementing streamlined patient discharge and treatment protocols in acute care.

EHS System Improvements

In 2024-25, the government spent $704 million to expand EHS and respond to the 98
recommendations from the Alberta Emergency Services Provincial Advisory Committee (AEPAC)
and the EHS Dispatch Review.

A new Alberta EMS Standing Committee was established and began meeting on April 24, 2024. This
committee includes frontline paramedics, municipal and Indigenous representatives, and other
community partners. Subcommittees address air ambulance, dispatch, ground ambulance, medical
first response, and workforce. The core committee meets monthly, while subcommittees meet
every eight weeks. These advisory groups are mandated until spring 2027.

Performance Measure 1.b:
     EMS 90th percentile response times (minutes) for the most urgent (life threatening)
     calls

                                     EMS Response Time for the Most Urgent Calls (minutes) 1

                                                                                                   2024-25
                               2021-22         2022-23        2023-24       2024-25 Target
                                                                                                    Actual
 Metro/urban                                                                Below 2023-24
                                 14.6            17.5           13.8                                 14.2
 communities                                                                    results
 Communities with                                                           Below 2023-24
                                 18.6            18.9           16.3                                 16.4
 over 3,000 residents                                                           results
 Rural communities
                                                                            Below 2023-24
 with under 3,000                33.8            33.9           33.3                                 29.2
                                                                                results
 residents
 Remote                                                                     Below 2023-24
                                 55.4            61.8           64.9                                 52.0
 communities                                                                    results
Source: EMS Computer Aided Dispatch (CAD) data captured with EMS Communications Centres, Alberta Health




22                                                                                Health | Annual Report 2024–2025
"
EMS urgent-call response,Remote,2022-23,fiscal year,61.8,minutes at 90th percentile,,lower is better,2024-25,True,Quality of Life Analysis/research/health/current/hlth-annual-report-2024-2025.pdf,24,0adc9772e55cf261b1f630a2e1378ce840e66c0d2868c079e7a849530dbefca8,table numeric row,"Event-level 911 response interval for Delta/Echo life-threatening calls, grouped by geographic location.","Excludes interfacility transfers, other acuity categories, missing timestamps. Aggregate geography is not individual patient access or outcome.","Results Analysis



that patients were waiting 0.3 hours longer in the ED to see a physician in 2024-25 compared with
last year. The longer ED wait times was due to an increase in ED visits and the number of patients
with the highest level of acuity that require aggressive interventions such as patients with cardiac
arrest or major trauma.

An approximate 2.6 per cent increase in total ED visits and a 4.0 per cent increase in high-acuity
presentations were observed in 2024-25. In addition, hospital overcrowding and delays in
transferring patients to continuing care settings contributed to extended wait times.

To address these pressures, Alberta Health worked on initiatives such as:

     •       Expanding community care alternatives to divert non-urgent cases
     •       Improving access to continuing care beds
     •       Increasing hospital capacity
     •       Implementing streamlined patient discharge and treatment protocols in acute care.

EHS System Improvements

In 2024-25, the government spent $704 million to expand EHS and respond to the 98
recommendations from the Alberta Emergency Services Provincial Advisory Committee (AEPAC)
and the EHS Dispatch Review.

A new Alberta EMS Standing Committee was established and began meeting on April 24, 2024. This
committee includes frontline paramedics, municipal and Indigenous representatives, and other
community partners. Subcommittees address air ambulance, dispatch, ground ambulance, medical
first response, and workforce. The core committee meets monthly, while subcommittees meet
every eight weeks. These advisory groups are mandated until spring 2027.

Performance Measure 1.b:
     EMS 90th percentile response times (minutes) for the most urgent (life threatening)
     calls

                                     EMS Response Time for the Most Urgent Calls (minutes) 1

                                                                                                   2024-25
                               2021-22         2022-23        2023-24       2024-25 Target
                                                                                                    Actual
 Metro/urban                                                                Below 2023-24
                                 14.6            17.5           13.8                                 14.2
 communities                                                                    results
 Communities with                                                           Below 2023-24
                                 18.6            18.9           16.3                                 16.4
 over 3,000 residents                                                           results
 Rural communities
                                                                            Below 2023-24
 with under 3,000                33.8            33.9           33.3                                 29.2
                                                                                results
 residents
 Remote                                                                     Below 2023-24
                                 55.4            61.8           64.9                                 52.0
 communities                                                                    results
Source: EMS Computer Aided Dispatch (CAD) data captured with EMS Communications Centres, Alberta Health




22                                                                                Health | Annual Report 2024–2025
"
EMS urgent-call response,Remote,2023-24,fiscal year,64.9,minutes at 90th percentile,,lower is better,2024-25,True,Quality of Life Analysis/research/health/current/hlth-annual-report-2024-2025.pdf,24,0adc9772e55cf261b1f630a2e1378ce840e66c0d2868c079e7a849530dbefca8,table numeric row,"Event-level 911 response interval for Delta/Echo life-threatening calls, grouped by geographic location.","Excludes interfacility transfers, other acuity categories, missing timestamps. Aggregate geography is not individual patient access or outcome.","Results Analysis



that patients were waiting 0.3 hours longer in the ED to see a physician in 2024-25 compared with
last year. The longer ED wait times was due to an increase in ED visits and the number of patients
with the highest level of acuity that require aggressive interventions such as patients with cardiac
arrest or major trauma.

An approximate 2.6 per cent increase in total ED visits and a 4.0 per cent increase in high-acuity
presentations were observed in 2024-25. In addition, hospital overcrowding and delays in
transferring patients to continuing care settings contributed to extended wait times.

To address these pressures, Alberta Health worked on initiatives such as:

     •       Expanding community care alternatives to divert non-urgent cases
     •       Improving access to continuing care beds
     •       Increasing hospital capacity
     •       Implementing streamlined patient discharge and treatment protocols in acute care.

EHS System Improvements

In 2024-25, the government spent $704 million to expand EHS and respond to the 98
recommendations from the Alberta Emergency Services Provincial Advisory Committee (AEPAC)
and the EHS Dispatch Review.

A new Alberta EMS Standing Committee was established and began meeting on April 24, 2024. This
committee includes frontline paramedics, municipal and Indigenous representatives, and other
community partners. Subcommittees address air ambulance, dispatch, ground ambulance, medical
first response, and workforce. The core committee meets monthly, while subcommittees meet
every eight weeks. These advisory groups are mandated until spring 2027.

Performance Measure 1.b:
     EMS 90th percentile response times (minutes) for the most urgent (life threatening)
     calls

                                     EMS Response Time for the Most Urgent Calls (minutes) 1

                                                                                                   2024-25
                               2021-22         2022-23        2023-24       2024-25 Target
                                                                                                    Actual
 Metro/urban                                                                Below 2023-24
                                 14.6            17.5           13.8                                 14.2
 communities                                                                    results
 Communities with                                                           Below 2023-24
                                 18.6            18.9           16.3                                 16.4
 over 3,000 residents                                                           results
 Rural communities
                                                                            Below 2023-24
 with under 3,000                33.8            33.9           33.3                                 29.2
                                                                                results
 residents
 Remote                                                                     Below 2023-24
                                 55.4            61.8           64.9                                 52.0
 communities                                                                    results
Source: EMS Computer Aided Dispatch (CAD) data captured with EMS Communications Centres, Alberta Health




22                                                                                Health | Annual Report 2024–2025
"
EMS urgent-call response,Remote,2024-25,fiscal year,52.0,minutes at 90th percentile,below 2023-24 result,lower is better,2024-25,True,Quality of Life Analysis/research/health/current/hlth-annual-report-2024-2025.pdf,24,0adc9772e55cf261b1f630a2e1378ce840e66c0d2868c079e7a849530dbefca8,table numeric row,"Event-level 911 response interval for Delta/Echo life-threatening calls, grouped by geographic location.","Excludes interfacility transfers, other acuity categories, missing timestamps. Aggregate geography is not individual patient access or outcome.","Results Analysis



that patients were waiting 0.3 hours longer in the ED to see a physician in 2024-25 compared with
last year. The longer ED wait times was due to an increase in ED visits and the number of patients
with the highest level of acuity that require aggressive interventions such as patients with cardiac
arrest or major trauma.

An approximate 2.6 per cent increase in total ED visits and a 4.0 per cent increase in high-acuity
presentations were observed in 2024-25. In addition, hospital overcrowding and delays in
transferring patients to continuing care settings contributed to extended wait times.

To address these pressures, Alberta Health worked on initiatives such as:

     •       Expanding community care alternatives to divert non-urgent cases
     •       Improving access to continuing care beds
     •       Increasing hospital capacity
     •       Implementing streamlined patient discharge and treatment protocols in acute care.

EHS System Improvements

In 2024-25, the government spent $704 million to expand EHS and respond to the 98
recommendations from the Alberta Emergency Services Provincial Advisory Committee (AEPAC)
and the EHS Dispatch Review.

A new Alberta EMS Standing Committee was established and began meeting on April 24, 2024. This
committee includes frontline paramedics, municipal and Indigenous representatives, and other
community partners. Subcommittees address air ambulance, dispatch, ground ambulance, medical
first response, and workforce. The core committee meets monthly, while subcommittees meet
every eight weeks. These advisory groups are mandated until spring 2027.

Performance Measure 1.b:
     EMS 90th percentile response times (minutes) for the most urgent (life threatening)
     calls

                                     EMS Response Time for the Most Urgent Calls (minutes) 1

                                                                                                   2024-25
                               2021-22         2022-23        2023-24       2024-25 Target
                                                                                                    Actual
 Metro/urban                                                                Below 2023-24
                                 14.6            17.5           13.8                                 14.2
 communities                                                                    results
 Communities with                                                           Below 2023-24
                                 18.6            18.9           16.3                                 16.4
 over 3,000 residents                                                           results
 Rural communities
                                                                            Below 2023-24
 with under 3,000                33.8            33.9           33.3                                 29.2
                                                                                results
 residents
 Remote                                                                     Below 2023-24
                                 55.4            61.8           64.9                                 52.0
 communities                                                                    results
Source: EMS Computer Aided Dispatch (CAD) data captured with EMS Communications Centres, Alberta Health




22                                                                                Health | Annual Report 2024–2025
"
Elective surgery within national wait benchmark,Hip,2020-21,fiscal year,51.6,percent of completed valid RTT cases,,higher is better,2024-25,True,Quality of Life Analysis/research/health/current/hlth-annual-report-2024-2025.pdf,26,0adc9772e55cf261b1f630a2e1378ce840e66c0d2868c079e7a849530dbefca8,table numeric row,Ready-to-treat to procedure within182days. Emergency care and invalid RTT dates excluded; cataract first eye only; RTT excludes voluntary/patient delays.,Completed-case denominator excludes still-waiting patients; case mix and clearing old queues affect percentage. Primary current vintage2020-25; historical2019 vintage retained separately. No causal attribution.,"Results Analysis



cancer care. There are 160 inpatient beds and 90 chemotherapy treatment spaces available to meet
patient needs. All clinical areas are in use with flexibility for future growth as demand increases. A
new clinical trial space is expected to open later in 2025, with additional program expansions
guided by patient and clinical priorities.

In 2024-25, Alberta Health provided Wellspring Alberta with over $300,000 in funding to expand
non-clinical, psycho-social cancer care support services for remote and rural areas, including
Indigenous communities. With this grant, Wellspring Alberta is expanding both online and in-
person programming to improve access to supportive care, strengthen mental health outcomes, and
promote equity in the cancer care experience. Participants have reported improved well-being as a
result of the expanded services.

System Initiatives and Workforce Investments

The increase in completed surgical procedures this year reflects meaningful progress in expanding
Alberta’s surgical capacity and reducing wait times. This outcome demonstrates the Ministry of
Health’s continued commitment to the ASI. Building on this progress, the ministry implemented
system-wide improvements—including enhanced surgical referral pathways, prioritization based
on clinical urgency and continued use of CSFs-to deliver less-complex procedures efficiently.

Percentage of surgical procedures that met national wait time benchmarks

       Surgery (national benchmark)                                  Prior Years’ Results
                                                                                                                2024-25
                                                                                                                Actual
                                                       2020-21       2021-22       2022-23        2023-24

 Hip replacement 1
                                                       51.6%         51.2%          43.0%          62.4%        72.8%
 (benchmark 182 days)

 Knee replacement 2
                                                       43.3%         39.7%          32.5%          53.3%        62.5%
 (benchmark 182 days)

 Cataract surgery
                                                       45.3%         64.7%          64.7%          59.7%        62.8%
 (benchmark 112 days)

Source: Local Operating Room (OR) Information Systems, AHS and OR Data Repository, AHS
1Hip replacement data include totals, partials, resurfacings, primaries, and revisions for scheduled/elective cases.

2Knee replacement data include totals, partials, primaries and revisions for scheduled/elective cases.



The 2024-25 results for hip, knee and cataract surgical procedures included in this indicator show
an increase in the number of Albertans receiving these surgical procedures within national
benchmark wait times when compared with 2023-24 results.

Hip replacements increased from 62.4 per cent to 72.8 per cent, and knee replacements improved
from 53.3 per cent to 62.5 per cent. In addition to improved compliance with the national
benchmark for hips and knees, the overall number of surgeries for all three procedures has
increased at the same time.

In 2023–24, 59.7 per cent of cataract surgeries met the national benchmark, a five-percentage point
decline from the previous year. This drop is attributed to prioritizing patients who had waited the
longest, which lowered the percentage within target despite over 500 more surgeries being
completed on time. In 2024-25, performance improved to 62.8 per cent, reflecting recovery from
backlog reduction efforts.


24                                                                                         Health | Annual Report 2024–2025
"
Elective surgery within national wait benchmark,Hip,2021-22,fiscal year,51.2,percent of completed valid RTT cases,,higher is better,2024-25,True,Quality of Life Analysis/research/health/current/hlth-annual-report-2024-2025.pdf,26,0adc9772e55cf261b1f630a2e1378ce840e66c0d2868c079e7a849530dbefca8,table numeric row,Ready-to-treat to procedure within182days. Emergency care and invalid RTT dates excluded; cataract first eye only; RTT excludes voluntary/patient delays.,Completed-case denominator excludes still-waiting patients; case mix and clearing old queues affect percentage. Primary current vintage2020-25; historical2019 vintage retained separately. No causal attribution.,"Results Analysis



cancer care. There are 160 inpatient beds and 90 chemotherapy treatment spaces available to meet
patient needs. All clinical areas are in use with flexibility for future growth as demand increases. A
new clinical trial space is expected to open later in 2025, with additional program expansions
guided by patient and clinical priorities.

In 2024-25, Alberta Health provided Wellspring Alberta with over $300,000 in funding to expand
non-clinical, psycho-social cancer care support services for remote and rural areas, including
Indigenous communities. With this grant, Wellspring Alberta is expanding both online and in-
person programming to improve access to supportive care, strengthen mental health outcomes, and
promote equity in the cancer care experience. Participants have reported improved well-being as a
result of the expanded services.

System Initiatives and Workforce Investments

The increase in completed surgical procedures this year reflects meaningful progress in expanding
Alberta’s surgical capacity and reducing wait times. This outcome demonstrates the Ministry of
Health’s continued commitment to the ASI. Building on this progress, the ministry implemented
system-wide improvements—including enhanced surgical referral pathways, prioritization based
on clinical urgency and continued use of CSFs-to deliver less-complex procedures efficiently.

Percentage of surgical procedures that met national wait time benchmarks

       Surgery (national benchmark)                                  Prior Years’ Results
                                                                                                                2024-25
                                                                                                                Actual
                                                       2020-21       2021-22       2022-23        2023-24

 Hip replacement 1
                                                       51.6%         51.2%          43.0%          62.4%        72.8%
 (benchmark 182 days)

 Knee replacement 2
                                                       43.3%         39.7%          32.5%          53.3%        62.5%
 (benchmark 182 days)

 Cataract surgery
                                                       45.3%         64.7%          64.7%          59.7%        62.8%
 (benchmark 112 days)

Source: Local Operating Room (OR) Information Systems, AHS and OR Data Repository, AHS
1Hip replacement data include totals, partials, resurfacings, primaries, and revisions for scheduled/elective cases.

2Knee replacement data include totals, partials, primaries and revisions for scheduled/elective cases.



The 2024-25 results for hip, knee and cataract surgical procedures included in this indicator show
an increase in the number of Albertans receiving these surgical procedures within national
benchmark wait times when compared with 2023-24 results.

Hip replacements increased from 62.4 per cent to 72.8 per cent, and knee replacements improved
from 53.3 per cent to 62.5 per cent. In addition to improved compliance with the national
benchmark for hips and knees, the overall number of surgeries for all three procedures has
increased at the same time.

In 2023–24, 59.7 per cent of cataract surgeries met the national benchmark, a five-percentage point
decline from the previous year. This drop is attributed to prioritizing patients who had waited the
longest, which lowered the percentage within target despite over 500 more surgeries being
completed on time. In 2024-25, performance improved to 62.8 per cent, reflecting recovery from
backlog reduction efforts.


24                                                                                         Health | Annual Report 2024–2025
"
Elective surgery within national wait benchmark,Hip,2022-23,fiscal year,43.0,percent of completed valid RTT cases,,higher is better,2024-25,True,Quality of Life Analysis/research/health/current/hlth-annual-report-2024-2025.pdf,26,0adc9772e55cf261b1f630a2e1378ce840e66c0d2868c079e7a849530dbefca8,table numeric row,Ready-to-treat to procedure within182days. Emergency care and invalid RTT dates excluded; cataract first eye only; RTT excludes voluntary/patient delays.,Completed-case denominator excludes still-waiting patients; case mix and clearing old queues affect percentage. Primary current vintage2020-25; historical2019 vintage retained separately. No causal attribution.,"Results Analysis



cancer care. There are 160 inpatient beds and 90 chemotherapy treatment spaces available to meet
patient needs. All clinical areas are in use with flexibility for future growth as demand increases. A
new clinical trial space is expected to open later in 2025, with additional program expansions
guided by patient and clinical priorities.

In 2024-25, Alberta Health provided Wellspring Alberta with over $300,000 in funding to expand
non-clinical, psycho-social cancer care support services for remote and rural areas, including
Indigenous communities. With this grant, Wellspring Alberta is expanding both online and in-
person programming to improve access to supportive care, strengthen mental health outcomes, and
promote equity in the cancer care experience. Participants have reported improved well-being as a
result of the expanded services.

System Initiatives and Workforce Investments

The increase in completed surgical procedures this year reflects meaningful progress in expanding
Alberta’s surgical capacity and reducing wait times. This outcome demonstrates the Ministry of
Health’s continued commitment to the ASI. Building on this progress, the ministry implemented
system-wide improvements—including enhanced surgical referral pathways, prioritization based
on clinical urgency and continued use of CSFs-to deliver less-complex procedures efficiently.

Percentage of surgical procedures that met national wait time benchmarks

       Surgery (national benchmark)                                  Prior Years’ Results
                                                                                                                2024-25
                                                                                                                Actual
                                                       2020-21       2021-22       2022-23        2023-24

 Hip replacement 1
                                                       51.6%         51.2%          43.0%          62.4%        72.8%
 (benchmark 182 days)

 Knee replacement 2
                                                       43.3%         39.7%          32.5%          53.3%        62.5%
 (benchmark 182 days)

 Cataract surgery
                                                       45.3%         64.7%          64.7%          59.7%        62.8%
 (benchmark 112 days)

Source: Local Operating Room (OR) Information Systems, AHS and OR Data Repository, AHS
1Hip replacement data include totals, partials, resurfacings, primaries, and revisions for scheduled/elective cases.

2Knee replacement data include totals, partials, primaries and revisions for scheduled/elective cases.



The 2024-25 results for hip, knee and cataract surgical procedures included in this indicator show
an increase in the number of Albertans receiving these surgical procedures within national
benchmark wait times when compared with 2023-24 results.

Hip replacements increased from 62.4 per cent to 72.8 per cent, and knee replacements improved
from 53.3 per cent to 62.5 per cent. In addition to improved compliance with the national
benchmark for hips and knees, the overall number of surgeries for all three procedures has
increased at the same time.

In 2023–24, 59.7 per cent of cataract surgeries met the national benchmark, a five-percentage point
decline from the previous year. This drop is attributed to prioritizing patients who had waited the
longest, which lowered the percentage within target despite over 500 more surgeries being
completed on time. In 2024-25, performance improved to 62.8 per cent, reflecting recovery from
backlog reduction efforts.


24                                                                                         Health | Annual Report 2024–2025
"
Elective surgery within national wait benchmark,Hip,2023-24,fiscal year,62.4,percent of completed valid RTT cases,,higher is better,2024-25,True,Quality of Life Analysis/research/health/current/hlth-annual-report-2024-2025.pdf,26,0adc9772e55cf261b1f630a2e1378ce840e66c0d2868c079e7a849530dbefca8,table numeric row,Ready-to-treat to procedure within182days. Emergency care and invalid RTT dates excluded; cataract first eye only; RTT excludes voluntary/patient delays.,Completed-case denominator excludes still-waiting patients; case mix and clearing old queues affect percentage. Primary current vintage2020-25; historical2019 vintage retained separately. No causal attribution.,"Results Analysis



cancer care. There are 160 inpatient beds and 90 chemotherapy treatment spaces available to meet
patient needs. All clinical areas are in use with flexibility for future growth as demand increases. A
new clinical trial space is expected to open later in 2025, with additional program expansions
guided by patient and clinical priorities.

In 2024-25, Alberta Health provided Wellspring Alberta with over $300,000 in funding to expand
non-clinical, psycho-social cancer care support services for remote and rural areas, including
Indigenous communities. With this grant, Wellspring Alberta is expanding both online and in-
person programming to improve access to supportive care, strengthen mental health outcomes, and
promote equity in the cancer care experience. Participants have reported improved well-being as a
result of the expanded services.

System Initiatives and Workforce Investments

The increase in completed surgical procedures this year reflects meaningful progress in expanding
Alberta’s surgical capacity and reducing wait times. This outcome demonstrates the Ministry of
Health’s continued commitment to the ASI. Building on this progress, the ministry implemented
system-wide improvements—including enhanced surgical referral pathways, prioritization based
on clinical urgency and continued use of CSFs-to deliver less-complex procedures efficiently.

Percentage of surgical procedures that met national wait time benchmarks

       Surgery (national benchmark)                                  Prior Years’ Results
                                                                                                                2024-25
                                                                                                                Actual
                                                       2020-21       2021-22       2022-23        2023-24

 Hip replacement 1
                                                       51.6%         51.2%          43.0%          62.4%        72.8%
 (benchmark 182 days)

 Knee replacement 2
                                                       43.3%         39.7%          32.5%          53.3%        62.5%
 (benchmark 182 days)

 Cataract surgery
                                                       45.3%         64.7%          64.7%          59.7%        62.8%
 (benchmark 112 days)

Source: Local Operating Room (OR) Information Systems, AHS and OR Data Repository, AHS
1Hip replacement data include totals, partials, resurfacings, primaries, and revisions for scheduled/elective cases.

2Knee replacement data include totals, partials, primaries and revisions for scheduled/elective cases.



The 2024-25 results for hip, knee and cataract surgical procedures included in this indicator show
an increase in the number of Albertans receiving these surgical procedures within national
benchmark wait times when compared with 2023-24 results.

Hip replacements increased from 62.4 per cent to 72.8 per cent, and knee replacements improved
from 53.3 per cent to 62.5 per cent. In addition to improved compliance with the national
benchmark for hips and knees, the overall number of surgeries for all three procedures has
increased at the same time.

In 2023–24, 59.7 per cent of cataract surgeries met the national benchmark, a five-percentage point
decline from the previous year. This drop is attributed to prioritizing patients who had waited the
longest, which lowered the percentage within target despite over 500 more surgeries being
completed on time. In 2024-25, performance improved to 62.8 per cent, reflecting recovery from
backlog reduction efforts.


24                                                                                         Health | Annual Report 2024–2025
"
Elective surgery within national wait benchmark,Hip,2024-25,fiscal year,72.8,percent of completed valid RTT cases,,higher is better,2024-25,True,Quality of Life Analysis/research/health/current/hlth-annual-report-2024-2025.pdf,26,0adc9772e55cf261b1f630a2e1378ce840e66c0d2868c079e7a849530dbefca8,table numeric row,Ready-to-treat to procedure within182days. Emergency care and invalid RTT dates excluded; cataract first eye only; RTT excludes voluntary/patient delays.,Completed-case denominator excludes still-waiting patients; case mix and clearing old queues affect percentage. Primary current vintage2020-25; historical2019 vintage retained separately. No causal attribution.,"Results Analysis



cancer care. There are 160 inpatient beds and 90 chemotherapy treatment spaces available to meet
patient needs. All clinical areas are in use with flexibility for future growth as demand increases. A
new clinical trial space is expected to open later in 2025, with additional program expansions
guided by patient and clinical priorities.

In 2024-25, Alberta Health provided Wellspring Alberta with over $300,000 in funding to expand
non-clinical, psycho-social cancer care support services for remote and rural areas, including
Indigenous communities. With this grant, Wellspring Alberta is expanding both online and in-
person programming to improve access to supportive care, strengthen mental health outcomes, and
promote equity in the cancer care experience. Participants have reported improved well-being as a
result of the expanded services.

System Initiatives and Workforce Investments

The increase in completed surgical procedures this year reflects meaningful progress in expanding
Alberta’s surgical capacity and reducing wait times. This outcome demonstrates the Ministry of
Health’s continued commitment to the ASI. Building on this progress, the ministry implemented
system-wide improvements—including enhanced surgical referral pathways, prioritization based
on clinical urgency and continued use of CSFs-to deliver less-complex procedures efficiently.

Percentage of surgical procedures that met national wait time benchmarks

       Surgery (national benchmark)                                  Prior Years’ Results
                                                                                                                2024-25
                                                                                                                Actual
                                                       2020-21       2021-22       2022-23        2023-24

 Hip replacement 1
                                                       51.6%         51.2%          43.0%          62.4%        72.8%
 (benchmark 182 days)

 Knee replacement 2
                                                       43.3%         39.7%          32.5%          53.3%        62.5%
 (benchmark 182 days)

 Cataract surgery
                                                       45.3%         64.7%          64.7%          59.7%        62.8%
 (benchmark 112 days)

Source: Local Operating Room (OR) Information Systems, AHS and OR Data Repository, AHS
1Hip replacement data include totals, partials, resurfacings, primaries, and revisions for scheduled/elective cases.

2Knee replacement data include totals, partials, primaries and revisions for scheduled/elective cases.



The 2024-25 results for hip, knee and cataract surgical procedures included in this indicator show
an increase in the number of Albertans receiving these surgical procedures within national
benchmark wait times when compared with 2023-24 results.

Hip replacements increased from 62.4 per cent to 72.8 per cent, and knee replacements improved
from 53.3 per cent to 62.5 per cent. In addition to improved compliance with the national
benchmark for hips and knees, the overall number of surgeries for all three procedures has
increased at the same time.

In 2023–24, 59.7 per cent of cataract surgeries met the national benchmark, a five-percentage point
decline from the previous year. This drop is attributed to prioritizing patients who had waited the
longest, which lowered the percentage within target despite over 500 more surgeries being
completed on time. In 2024-25, performance improved to 62.8 per cent, reflecting recovery from
backlog reduction efforts.


24                                                                                         Health | Annual Report 2024–2025
"
Elective surgery within national wait benchmark,Knee,2020-21,fiscal year,43.3,percent of completed valid RTT cases,,higher is better,2024-25,True,Quality of Life Analysis/research/health/current/hlth-annual-report-2024-2025.pdf,26,0adc9772e55cf261b1f630a2e1378ce840e66c0d2868c079e7a849530dbefca8,table numeric row,Ready-to-treat to procedure within182days. Emergency care and invalid RTT dates excluded; cataract first eye only; RTT excludes voluntary/patient delays.,Completed-case denominator excludes still-waiting patients; case mix and clearing old queues affect percentage. Primary current vintage2020-25; historical2019 vintage retained separately. No causal attribution.,"Results Analysis



cancer care. There are 160 inpatient beds and 90 chemotherapy treatment spaces available to meet
patient needs. All clinical areas are in use with flexibility for future growth as demand increases. A
new clinical trial space is expected to open later in 2025, with additional program expansions
guided by patient and clinical priorities.

In 2024-25, Alberta Health provided Wellspring Alberta with over $300,000 in funding to expand
non-clinical, psycho-social cancer care support services for remote and rural areas, including
Indigenous communities. With this grant, Wellspring Alberta is expanding both online and in-
person programming to improve access to supportive care, strengthen mental health outcomes, and
promote equity in the cancer care experience. Participants have reported improved well-being as a
result of the expanded services.

System Initiatives and Workforce Investments

The increase in completed surgical procedures this year reflects meaningful progress in expanding
Alberta’s surgical capacity and reducing wait times. This outcome demonstrates the Ministry of
Health’s continued commitment to the ASI. Building on this progress, the ministry implemented
system-wide improvements—including enhanced surgical referral pathways, prioritization based
on clinical urgency and continued use of CSFs-to deliver less-complex procedures efficiently.

Percentage of surgical procedures that met national wait time benchmarks

       Surgery (national benchmark)                                  Prior Years’ Results
                                                                                                                2024-25
                                                                                                                Actual
                                                       2020-21       2021-22       2022-23        2023-24

 Hip replacement 1
                                                       51.6%         51.2%          43.0%          62.4%        72.8%
 (benchmark 182 days)

 Knee replacement 2
                                                       43.3%         39.7%          32.5%          53.3%        62.5%
 (benchmark 182 days)

 Cataract surgery
                                                       45.3%         64.7%          64.7%          59.7%        62.8%
 (benchmark 112 days)

Source: Local Operating Room (OR) Information Systems, AHS and OR Data Repository, AHS
1Hip replacement data include totals, partials, resurfacings, primaries, and revisions for scheduled/elective cases.

2Knee replacement data include totals, partials, primaries and revisions for scheduled/elective cases.



The 2024-25 results for hip, knee and cataract surgical procedures included in this indicator show
an increase in the number of Albertans receiving these surgical procedures within national
benchmark wait times when compared with 2023-24 results.

Hip replacements increased from 62.4 per cent to 72.8 per cent, and knee replacements improved
from 53.3 per cent to 62.5 per cent. In addition to improved compliance with the national
benchmark for hips and knees, the overall number of surgeries for all three procedures has
increased at the same time.

In 2023–24, 59.7 per cent of cataract surgeries met the national benchmark, a five-percentage point
decline from the previous year. This drop is attributed to prioritizing patients who had waited the
longest, which lowered the percentage within target despite over 500 more surgeries being
completed on time. In 2024-25, performance improved to 62.8 per cent, reflecting recovery from
backlog reduction efforts.


24                                                                                         Health | Annual Report 2024–2025
"
Elective surgery within national wait benchmark,Knee,2021-22,fiscal year,39.7,percent of completed valid RTT cases,,higher is better,2024-25,True,Quality of Life Analysis/research/health/current/hlth-annual-report-2024-2025.pdf,26,0adc9772e55cf261b1f630a2e1378ce840e66c0d2868c079e7a849530dbefca8,table numeric row,Ready-to-treat to procedure within182days. Emergency care and invalid RTT dates excluded; cataract first eye only; RTT excludes voluntary/patient delays.,Completed-case denominator excludes still-waiting patients; case mix and clearing old queues affect percentage. Primary current vintage2020-25; historical2019 vintage retained separately. No causal attribution.,"Results Analysis



cancer care. There are 160 inpatient beds and 90 chemotherapy treatment spaces available to meet
patient needs. All clinical areas are in use with flexibility for future growth as demand increases. A
new clinical trial space is expected to open later in 2025, with additional program expansions
guided by patient and clinical priorities.

In 2024-25, Alberta Health provided Wellspring Alberta with over $300,000 in funding to expand
non-clinical, psycho-social cancer care support services for remote and rural areas, including
Indigenous communities. With this grant, Wellspring Alberta is expanding both online and in-
person programming to improve access to supportive care, strengthen mental health outcomes, and
promote equity in the cancer care experience. Participants have reported improved well-being as a
result of the expanded services.

System Initiatives and Workforce Investments

The increase in completed surgical procedures this year reflects meaningful progress in expanding
Alberta’s surgical capacity and reducing wait times. This outcome demonstrates the Ministry of
Health’s continued commitment to the ASI. Building on this progress, the ministry implemented
system-wide improvements—including enhanced surgical referral pathways, prioritization based
on clinical urgency and continued use of CSFs-to deliver less-complex procedures efficiently.

Percentage of surgical procedures that met national wait time benchmarks

       Surgery (national benchmark)                                  Prior Years’ Results
                                                                                                                2024-25
                                                                                                                Actual
                                                       2020-21       2021-22       2022-23        2023-24

 Hip replacement 1
                                                       51.6%         51.2%          43.0%          62.4%        72.8%
 (benchmark 182 days)

 Knee replacement 2
                                                       43.3%         39.7%          32.5%          53.3%        62.5%
 (benchmark 182 days)

 Cataract surgery
                                                       45.3%         64.7%          64.7%          59.7%        62.8%
 (benchmark 112 days)

Source: Local Operating Room (OR) Information Systems, AHS and OR Data Repository, AHS
1Hip replacement data include totals, partials, resurfacings, primaries, and revisions for scheduled/elective cases.

2Knee replacement data include totals, partials, primaries and revisions for scheduled/elective cases.



The 2024-25 results for hip, knee and cataract surgical procedures included in this indicator show
an increase in the number of Albertans receiving these surgical procedures within national
benchmark wait times when compared with 2023-24 results.

Hip replacements increased from 62.4 per cent to 72.8 per cent, and knee replacements improved
from 53.3 per cent to 62.5 per cent. In addition to improved compliance with the national
benchmark for hips and knees, the overall number of surgeries for all three procedures has
increased at the same time.

In 2023–24, 59.7 per cent of cataract surgeries met the national benchmark, a five-percentage point
decline from the previous year. This drop is attributed to prioritizing patients who had waited the
longest, which lowered the percentage within target despite over 500 more surgeries being
completed on time. In 2024-25, performance improved to 62.8 per cent, reflecting recovery from
backlog reduction efforts.


24                                                                                         Health | Annual Report 2024–2025
"
Elective surgery within national wait benchmark,Knee,2022-23,fiscal year,32.5,percent of completed valid RTT cases,,higher is better,2024-25,True,Quality of Life Analysis/research/health/current/hlth-annual-report-2024-2025.pdf,26,0adc9772e55cf261b1f630a2e1378ce840e66c0d2868c079e7a849530dbefca8,table numeric row,Ready-to-treat to procedure within182days. Emergency care and invalid RTT dates excluded; cataract first eye only; RTT excludes voluntary/patient delays.,Completed-case denominator excludes still-waiting patients; case mix and clearing old queues affect percentage. Primary current vintage2020-25; historical2019 vintage retained separately. No causal attribution.,"Results Analysis



cancer care. There are 160 inpatient beds and 90 chemotherapy treatment spaces available to meet
patient needs. All clinical areas are in use with flexibility for future growth as demand increases. A
new clinical trial space is expected to open later in 2025, with additional program expansions
guided by patient and clinical priorities.

In 2024-25, Alberta Health provided Wellspring Alberta with over $300,000 in funding to expand
non-clinical, psycho-social cancer care support services for remote and rural areas, including
Indigenous communities. With this grant, Wellspring Alberta is expanding both online and in-
person programming to improve access to supportive care, strengthen mental health outcomes, and
promote equity in the cancer care experience. Participants have reported improved well-being as a
result of the expanded services.

System Initiatives and Workforce Investments

The increase in completed surgical procedures this year reflects meaningful progress in expanding
Alberta’s surgical capacity and reducing wait times. This outcome demonstrates the Ministry of
Health’s continued commitment to the ASI. Building on this progress, the ministry implemented
system-wide improvements—including enhanced surgical referral pathways, prioritization based
on clinical urgency and continued use of CSFs-to deliver less-complex procedures efficiently.

Percentage of surgical procedures that met national wait time benchmarks

       Surgery (national benchmark)                                  Prior Years’ Results
                                                                                                                2024-25
                                                                                                                Actual
                                                       2020-21       2021-22       2022-23        2023-24

 Hip replacement 1
                                                       51.6%         51.2%          43.0%          62.4%        72.8%
 (benchmark 182 days)

 Knee replacement 2
                                                       43.3%         39.7%          32.5%          53.3%        62.5%
 (benchmark 182 days)

 Cataract surgery
                                                       45.3%         64.7%          64.7%          59.7%        62.8%
 (benchmark 112 days)

Source: Local Operating Room (OR) Information Systems, AHS and OR Data Repository, AHS
1Hip replacement data include totals, partials, resurfacings, primaries, and revisions for scheduled/elective cases.

2Knee replacement data include totals, partials, primaries and revisions for scheduled/elective cases.



The 2024-25 results for hip, knee and cataract surgical procedures included in this indicator show
an increase in the number of Albertans receiving these surgical procedures within national
benchmark wait times when compared with 2023-24 results.

Hip replacements increased from 62.4 per cent to 72.8 per cent, and knee replacements improved
from 53.3 per cent to 62.5 per cent. In addition to improved compliance with the national
benchmark for hips and knees, the overall number of surgeries for all three procedures has
increased at the same time.

In 2023–24, 59.7 per cent of cataract surgeries met the national benchmark, a five-percentage point
decline from the previous year. This drop is attributed to prioritizing patients who had waited the
longest, which lowered the percentage within target despite over 500 more surgeries being
completed on time. In 2024-25, performance improved to 62.8 per cent, reflecting recovery from
backlog reduction efforts.


24                                                                                         Health | Annual Report 2024–2025
"
Elective surgery within national wait benchmark,Knee,2023-24,fiscal year,53.3,percent of completed valid RTT cases,,higher is better,2024-25,True,Quality of Life Analysis/research/health/current/hlth-annual-report-2024-2025.pdf,26,0adc9772e55cf261b1f630a2e1378ce840e66c0d2868c079e7a849530dbefca8,table numeric row,Ready-to-treat to procedure within182days. Emergency care and invalid RTT dates excluded; cataract first eye only; RTT excludes voluntary/patient delays.,Completed-case denominator excludes still-waiting patients; case mix and clearing old queues affect percentage. Primary current vintage2020-25; historical2019 vintage retained separately. No causal attribution.,"Results Analysis



cancer care. There are 160 inpatient beds and 90 chemotherapy treatment spaces available to meet
patient needs. All clinical areas are in use with flexibility for future growth as demand increases. A
new clinical trial space is expected to open later in 2025, with additional program expansions
guided by patient and clinical priorities.

In 2024-25, Alberta Health provided Wellspring Alberta with over $300,000 in funding to expand
non-clinical, psycho-social cancer care support services for remote and rural areas, including
Indigenous communities. With this grant, Wellspring Alberta is expanding both online and in-
person programming to improve access to supportive care, strengthen mental health outcomes, and
promote equity in the cancer care experience. Participants have reported improved well-being as a
result of the expanded services.

System Initiatives and Workforce Investments

The increase in completed surgical procedures this year reflects meaningful progress in expanding
Alberta’s surgical capacity and reducing wait times. This outcome demonstrates the Ministry of
Health’s continued commitment to the ASI. Building on this progress, the ministry implemented
system-wide improvements—including enhanced surgical referral pathways, prioritization based
on clinical urgency and continued use of CSFs-to deliver less-complex procedures efficiently.

Percentage of surgical procedures that met national wait time benchmarks

       Surgery (national benchmark)                                  Prior Years’ Results
                                                                                                                2024-25
                                                                                                                Actual
                                                       2020-21       2021-22       2022-23        2023-24

 Hip replacement 1
                                                       51.6%         51.2%          43.0%          62.4%        72.8%
 (benchmark 182 days)

 Knee replacement 2
                                                       43.3%         39.7%          32.5%          53.3%        62.5%
 (benchmark 182 days)

 Cataract surgery
                                                       45.3%         64.7%          64.7%          59.7%        62.8%
 (benchmark 112 days)

Source: Local Operating Room (OR) Information Systems, AHS and OR Data Repository, AHS
1Hip replacement data include totals, partials, resurfacings, primaries, and revisions for scheduled/elective cases.

2Knee replacement data include totals, partials, primaries and revisions for scheduled/elective cases.



The 2024-25 results for hip, knee and cataract surgical procedures included in this indicator show
an increase in the number of Albertans receiving these surgical procedures within national
benchmark wait times when compared with 2023-24 results.

Hip replacements increased from 62.4 per cent to 72.8 per cent, and knee replacements improved
from 53.3 per cent to 62.5 per cent. In addition to improved compliance with the national
benchmark for hips and knees, the overall number of surgeries for all three procedures has
increased at the same time.

In 2023–24, 59.7 per cent of cataract surgeries met the national benchmark, a five-percentage point
decline from the previous year. This drop is attributed to prioritizing patients who had waited the
longest, which lowered the percentage within target despite over 500 more surgeries being
completed on time. In 2024-25, performance improved to 62.8 per cent, reflecting recovery from
backlog reduction efforts.


24                                                                                         Health | Annual Report 2024–2025
"
Elective surgery within national wait benchmark,Knee,2024-25,fiscal year,62.5,percent of completed valid RTT cases,,higher is better,2024-25,True,Quality of Life Analysis/research/health/current/hlth-annual-report-2024-2025.pdf,26,0adc9772e55cf261b1f630a2e1378ce840e66c0d2868c079e7a849530dbefca8,table numeric row,Ready-to-treat to procedure within182days. Emergency care and invalid RTT dates excluded; cataract first eye only; RTT excludes voluntary/patient delays.,Completed-case denominator excludes still-waiting patients; case mix and clearing old queues affect percentage. Primary current vintage2020-25; historical2019 vintage retained separately. No causal attribution.,"Results Analysis



cancer care. There are 160 inpatient beds and 90 chemotherapy treatment spaces available to meet
patient needs. All clinical areas are in use with flexibility for future growth as demand increases. A
new clinical trial space is expected to open later in 2025, with additional program expansions
guided by patient and clinical priorities.

In 2024-25, Alberta Health provided Wellspring Alberta with over $300,000 in funding to expand
non-clinical, psycho-social cancer care support services for remote and rural areas, including
Indigenous communities. With this grant, Wellspring Alberta is expanding both online and in-
person programming to improve access to supportive care, strengthen mental health outcomes, and
promote equity in the cancer care experience. Participants have reported improved well-being as a
result of the expanded services.

System Initiatives and Workforce Investments

The increase in completed surgical procedures this year reflects meaningful progress in expanding
Alberta’s surgical capacity and reducing wait times. This outcome demonstrates the Ministry of
Health’s continued commitment to the ASI. Building on this progress, the ministry implemented
system-wide improvements—including enhanced surgical referral pathways, prioritization based
on clinical urgency and continued use of CSFs-to deliver less-complex procedures efficiently.

Percentage of surgical procedures that met national wait time benchmarks

       Surgery (national benchmark)                                  Prior Years’ Results
                                                                                                                2024-25
                                                                                                                Actual
                                                       2020-21       2021-22       2022-23        2023-24

 Hip replacement 1
                                                       51.6%         51.2%          43.0%          62.4%        72.8%
 (benchmark 182 days)

 Knee replacement 2
                                                       43.3%         39.7%          32.5%          53.3%        62.5%
 (benchmark 182 days)

 Cataract surgery
                                                       45.3%         64.7%          64.7%          59.7%        62.8%
 (benchmark 112 days)

Source: Local Operating Room (OR) Information Systems, AHS and OR Data Repository, AHS
1Hip replacement data include totals, partials, resurfacings, primaries, and revisions for scheduled/elective cases.

2Knee replacement data include totals, partials, primaries and revisions for scheduled/elective cases.



The 2024-25 results for hip, knee and cataract surgical procedures included in this indicator show
an increase in the number of Albertans receiving these surgical procedures within national
benchmark wait times when compared with 2023-24 results.

Hip replacements increased from 62.4 per cent to 72.8 per cent, and knee replacements improved
from 53.3 per cent to 62.5 per cent. In addition to improved compliance with the national
benchmark for hips and knees, the overall number of surgeries for all three procedures has
increased at the same time.

In 2023–24, 59.7 per cent of cataract surgeries met the national benchmark, a five-percentage point
decline from the previous year. This drop is attributed to prioritizing patients who had waited the
longest, which lowered the percentage within target despite over 500 more surgeries being
completed on time. In 2024-25, performance improved to 62.8 per cent, reflecting recovery from
backlog reduction efforts.


24                                                                                         Health | Annual Report 2024–2025
"
Elective surgery within national wait benchmark,Cataract,2020-21,fiscal year,45.3,percent of completed valid RTT cases,,higher is better,2024-25,True,Quality of Life Analysis/research/health/current/hlth-annual-report-2024-2025.pdf,26,0adc9772e55cf261b1f630a2e1378ce840e66c0d2868c079e7a849530dbefca8,table numeric row,Ready-to-treat to procedure within112days. Emergency care and invalid RTT dates excluded; cataract first eye only; RTT excludes voluntary/patient delays.,Completed-case denominator excludes still-waiting patients; case mix and clearing old queues affect percentage. Primary current vintage2020-25; historical2019 vintage retained separately. No causal attribution.,"Results Analysis



cancer care. There are 160 inpatient beds and 90 chemotherapy treatment spaces available to meet
patient needs. All clinical areas are in use with flexibility for future growth as demand increases. A
new clinical trial space is expected to open later in 2025, with additional program expansions
guided by patient and clinical priorities.

In 2024-25, Alberta Health provided Wellspring Alberta with over $300,000 in funding to expand
non-clinical, psycho-social cancer care support services for remote and rural areas, including
Indigenous communities. With this grant, Wellspring Alberta is expanding both online and in-
person programming to improve access to supportive care, strengthen mental health outcomes, and
promote equity in the cancer care experience. Participants have reported improved well-being as a
result of the expanded services.

System Initiatives and Workforce Investments

The increase in completed surgical procedures this year reflects meaningful progress in expanding
Alberta’s surgical capacity and reducing wait times. This outcome demonstrates the Ministry of
Health’s continued commitment to the ASI. Building on this progress, the ministry implemented
system-wide improvements—including enhanced surgical referral pathways, prioritization based
on clinical urgency and continued use of CSFs-to deliver less-complex procedures efficiently.

Percentage of surgical procedures that met national wait time benchmarks

       Surgery (national benchmark)                                  Prior Years’ Results
                                                                                                                2024-25
                                                                                                                Actual
                                                       2020-21       2021-22       2022-23        2023-24

 Hip replacement 1
                                                       51.6%         51.2%          43.0%          62.4%        72.8%
 (benchmark 182 days)

 Knee replacement 2
                                                       43.3%         39.7%          32.5%          53.3%        62.5%
 (benchmark 182 days)

 Cataract surgery
                                                       45.3%         64.7%          64.7%          59.7%        62.8%
 (benchmark 112 days)

Source: Local Operating Room (OR) Information Systems, AHS and OR Data Repository, AHS
1Hip replacement data include totals, partials, resurfacings, primaries, and revisions for scheduled/elective cases.

2Knee replacement data include totals, partials, primaries and revisions for scheduled/elective cases.



The 2024-25 results for hip, knee and cataract surgical procedures included in this indicator show
an increase in the number of Albertans receiving these surgical procedures within national
benchmark wait times when compared with 2023-24 results.

Hip replacements increased from 62.4 per cent to 72.8 per cent, and knee replacements improved
from 53.3 per cent to 62.5 per cent. In addition to improved compliance with the national
benchmark for hips and knees, the overall number of surgeries for all three procedures has
increased at the same time.

In 2023–24, 59.7 per cent of cataract surgeries met the national benchmark, a five-percentage point
decline from the previous year. This drop is attributed to prioritizing patients who had waited the
longest, which lowered the percentage within target despite over 500 more surgeries being
completed on time. In 2024-25, performance improved to 62.8 per cent, reflecting recovery from
backlog reduction efforts.


24                                                                                         Health | Annual Report 2024–2025
"
Elective surgery within national wait benchmark,Cataract,2021-22,fiscal year,64.7,percent of completed valid RTT cases,,higher is better,2024-25,True,Quality of Life Analysis/research/health/current/hlth-annual-report-2024-2025.pdf,26,0adc9772e55cf261b1f630a2e1378ce840e66c0d2868c079e7a849530dbefca8,table numeric row,Ready-to-treat to procedure within112days. Emergency care and invalid RTT dates excluded; cataract first eye only; RTT excludes voluntary/patient delays.,Completed-case denominator excludes still-waiting patients; case mix and clearing old queues affect percentage. Primary current vintage2020-25; historical2019 vintage retained separately. No causal attribution.,"Results Analysis



cancer care. There are 160 inpatient beds and 90 chemotherapy treatment spaces available to meet
patient needs. All clinical areas are in use with flexibility for future growth as demand increases. A
new clinical trial space is expected to open later in 2025, with additional program expansions
guided by patient and clinical priorities.

In 2024-25, Alberta Health provided Wellspring Alberta with over $300,000 in funding to expand
non-clinical, psycho-social cancer care support services for remote and rural areas, including
Indigenous communities. With this grant, Wellspring Alberta is expanding both online and in-
person programming to improve access to supportive care, strengthen mental health outcomes, and
promote equity in the cancer care experience. Participants have reported improved well-being as a
result of the expanded services.

System Initiatives and Workforce Investments

The increase in completed surgical procedures this year reflects meaningful progress in expanding
Alberta’s surgical capacity and reducing wait times. This outcome demonstrates the Ministry of
Health’s continued commitment to the ASI. Building on this progress, the ministry implemented
system-wide improvements—including enhanced surgical referral pathways, prioritization based
on clinical urgency and continued use of CSFs-to deliver less-complex procedures efficiently.

Percentage of surgical procedures that met national wait time benchmarks

       Surgery (national benchmark)                                  Prior Years’ Results
                                                                                                                2024-25
                                                                                                                Actual
                                                       2020-21       2021-22       2022-23        2023-24

 Hip replacement 1
                                                       51.6%         51.2%          43.0%          62.4%        72.8%
 (benchmark 182 days)

 Knee replacement 2
                                                       43.3%         39.7%          32.5%          53.3%        62.5%
 (benchmark 182 days)

 Cataract surgery
                                                       45.3%         64.7%          64.7%          59.7%        62.8%
 (benchmark 112 days)

Source: Local Operating Room (OR) Information Systems, AHS and OR Data Repository, AHS
1Hip replacement data include totals, partials, resurfacings, primaries, and revisions for scheduled/elective cases.

2Knee replacement data include totals, partials, primaries and revisions for scheduled/elective cases.



The 2024-25 results for hip, knee and cataract surgical procedures included in this indicator show
an increase in the number of Albertans receiving these surgical procedures within national
benchmark wait times when compared with 2023-24 results.

Hip replacements increased from 62.4 per cent to 72.8 per cent, and knee replacements improved
from 53.3 per cent to 62.5 per cent. In addition to improved compliance with the national
benchmark for hips and knees, the overall number of surgeries for all three procedures has
increased at the same time.

In 2023–24, 59.7 per cent of cataract surgeries met the national benchmark, a five-percentage point
decline from the previous year. This drop is attributed to prioritizing patients who had waited the
longest, which lowered the percentage within target despite over 500 more surgeries being
completed on time. In 2024-25, performance improved to 62.8 per cent, reflecting recovery from
backlog reduction efforts.


24                                                                                         Health | Annual Report 2024–2025
"
Elective surgery within national wait benchmark,Cataract,2022-23,fiscal year,64.7,percent of completed valid RTT cases,,higher is better,2024-25,True,Quality of Life Analysis/research/health/current/hlth-annual-report-2024-2025.pdf,26,0adc9772e55cf261b1f630a2e1378ce840e66c0d2868c079e7a849530dbefca8,table numeric row,Ready-to-treat to procedure within112days. Emergency care and invalid RTT dates excluded; cataract first eye only; RTT excludes voluntary/patient delays.,Completed-case denominator excludes still-waiting patients; case mix and clearing old queues affect percentage. Primary current vintage2020-25; historical2019 vintage retained separately. No causal attribution.,"Results Analysis



cancer care. There are 160 inpatient beds and 90 chemotherapy treatment spaces available to meet
patient needs. All clinical areas are in use with flexibility for future growth as demand increases. A
new clinical trial space is expected to open later in 2025, with additional program expansions
guided by patient and clinical priorities.

In 2024-25, Alberta Health provided Wellspring Alberta with over $300,000 in funding to expand
non-clinical, psycho-social cancer care support services for remote and rural areas, including
Indigenous communities. With this grant, Wellspring Alberta is expanding both online and in-
person programming to improve access to supportive care, strengthen mental health outcomes, and
promote equity in the cancer care experience. Participants have reported improved well-being as a
result of the expanded services.

System Initiatives and Workforce Investments

The increase in completed surgical procedures this year reflects meaningful progress in expanding
Alberta’s surgical capacity and reducing wait times. This outcome demonstrates the Ministry of
Health’s continued commitment to the ASI. Building on this progress, the ministry implemented
system-wide improvements—including enhanced surgical referral pathways, prioritization based
on clinical urgency and continued use of CSFs-to deliver less-complex procedures efficiently.

Percentage of surgical procedures that met national wait time benchmarks

       Surgery (national benchmark)                                  Prior Years’ Results
                                                                                                                2024-25
                                                                                                                Actual
                                                       2020-21       2021-22       2022-23        2023-24

 Hip replacement 1
                                                       51.6%         51.2%          43.0%          62.4%        72.8%
 (benchmark 182 days)

 Knee replacement 2
                                                       43.3%         39.7%          32.5%          53.3%        62.5%
 (benchmark 182 days)

 Cataract surgery
                                                       45.3%         64.7%          64.7%          59.7%        62.8%
 (benchmark 112 days)

Source: Local Operating Room (OR) Information Systems, AHS and OR Data Repository, AHS
1Hip replacement data include totals, partials, resurfacings, primaries, and revisions for scheduled/elective cases.

2Knee replacement data include totals, partials, primaries and revisions for scheduled/elective cases.



The 2024-25 results for hip, knee and cataract surgical procedures included in this indicator show
an increase in the number of Albertans receiving these surgical procedures within national
benchmark wait times when compared with 2023-24 results.

Hip replacements increased from 62.4 per cent to 72.8 per cent, and knee replacements improved
from 53.3 per cent to 62.5 per cent. In addition to improved compliance with the national
benchmark for hips and knees, the overall number of surgeries for all three procedures has
increased at the same time.

In 2023–24, 59.7 per cent of cataract surgeries met the national benchmark, a five-percentage point
decline from the previous year. This drop is attributed to prioritizing patients who had waited the
longest, which lowered the percentage within target despite over 500 more surgeries being
completed on time. In 2024-25, performance improved to 62.8 per cent, reflecting recovery from
backlog reduction efforts.


24                                                                                         Health | Annual Report 2024–2025
"
Elective surgery within national wait benchmark,Cataract,2023-24,fiscal year,59.7,percent of completed valid RTT cases,,higher is better,2024-25,True,Quality of Life Analysis/research/health/current/hlth-annual-report-2024-2025.pdf,26,0adc9772e55cf261b1f630a2e1378ce840e66c0d2868c079e7a849530dbefca8,table numeric row,Ready-to-treat to procedure within112days. Emergency care and invalid RTT dates excluded; cataract first eye only; RTT excludes voluntary/patient delays.,Completed-case denominator excludes still-waiting patients; case mix and clearing old queues affect percentage. Primary current vintage2020-25; historical2019 vintage retained separately. No causal attribution.,"Results Analysis



cancer care. There are 160 inpatient beds and 90 chemotherapy treatment spaces available to meet
patient needs. All clinical areas are in use with flexibility for future growth as demand increases. A
new clinical trial space is expected to open later in 2025, with additional program expansions
guided by patient and clinical priorities.

In 2024-25, Alberta Health provided Wellspring Alberta with over $300,000 in funding to expand
non-clinical, psycho-social cancer care support services for remote and rural areas, including
Indigenous communities. With this grant, Wellspring Alberta is expanding both online and in-
person programming to improve access to supportive care, strengthen mental health outcomes, and
promote equity in the cancer care experience. Participants have reported improved well-being as a
result of the expanded services.

System Initiatives and Workforce Investments

The increase in completed surgical procedures this year reflects meaningful progress in expanding
Alberta’s surgical capacity and reducing wait times. This outcome demonstrates the Ministry of
Health’s continued commitment to the ASI. Building on this progress, the ministry implemented
system-wide improvements—including enhanced surgical referral pathways, prioritization based
on clinical urgency and continued use of CSFs-to deliver less-complex procedures efficiently.

Percentage of surgical procedures that met national wait time benchmarks

       Surgery (national benchmark)                                  Prior Years’ Results
                                                                                                                2024-25
                                                                                                                Actual
                                                       2020-21       2021-22       2022-23        2023-24

 Hip replacement 1
                                                       51.6%         51.2%          43.0%          62.4%        72.8%
 (benchmark 182 days)

 Knee replacement 2
                                                       43.3%         39.7%          32.5%          53.3%        62.5%
 (benchmark 182 days)

 Cataract surgery
                                                       45.3%         64.7%          64.7%          59.7%        62.8%
 (benchmark 112 days)

Source: Local Operating Room (OR) Information Systems, AHS and OR Data Repository, AHS
1Hip replacement data include totals, partials, resurfacings, primaries, and revisions for scheduled/elective cases.

2Knee replacement data include totals, partials, primaries and revisions for scheduled/elective cases.



The 2024-25 results for hip, knee and cataract surgical procedures included in this indicator show
an increase in the number of Albertans receiving these surgical procedures within national
benchmark wait times when compared with 2023-24 results.

Hip replacements increased from 62.4 per cent to 72.8 per cent, and knee replacements improved
from 53.3 per cent to 62.5 per cent. In addition to improved compliance with the national
benchmark for hips and knees, the overall number of surgeries for all three procedures has
increased at the same time.

In 2023–24, 59.7 per cent of cataract surgeries met the national benchmark, a five-percentage point
decline from the previous year. This drop is attributed to prioritizing patients who had waited the
longest, which lowered the percentage within target despite over 500 more surgeries being
completed on time. In 2024-25, performance improved to 62.8 per cent, reflecting recovery from
backlog reduction efforts.


24                                                                                         Health | Annual Report 2024–2025
"
Elective surgery within national wait benchmark,Cataract,2024-25,fiscal year,62.8,percent of completed valid RTT cases,,higher is better,2024-25,True,Quality of Life Analysis/research/health/current/hlth-annual-report-2024-2025.pdf,26,0adc9772e55cf261b1f630a2e1378ce840e66c0d2868c079e7a849530dbefca8,table numeric row,Ready-to-treat to procedure within112days. Emergency care and invalid RTT dates excluded; cataract first eye only; RTT excludes voluntary/patient delays.,Completed-case denominator excludes still-waiting patients; case mix and clearing old queues affect percentage. Primary current vintage2020-25; historical2019 vintage retained separately. No causal attribution.,"Results Analysis



cancer care. There are 160 inpatient beds and 90 chemotherapy treatment spaces available to meet
patient needs. All clinical areas are in use with flexibility for future growth as demand increases. A
new clinical trial space is expected to open later in 2025, with additional program expansions
guided by patient and clinical priorities.

In 2024-25, Alberta Health provided Wellspring Alberta with over $300,000 in funding to expand
non-clinical, psycho-social cancer care support services for remote and rural areas, including
Indigenous communities. With this grant, Wellspring Alberta is expanding both online and in-
person programming to improve access to supportive care, strengthen mental health outcomes, and
promote equity in the cancer care experience. Participants have reported improved well-being as a
result of the expanded services.

System Initiatives and Workforce Investments

The increase in completed surgical procedures this year reflects meaningful progress in expanding
Alberta’s surgical capacity and reducing wait times. This outcome demonstrates the Ministry of
Health’s continued commitment to the ASI. Building on this progress, the ministry implemented
system-wide improvements—including enhanced surgical referral pathways, prioritization based
on clinical urgency and continued use of CSFs-to deliver less-complex procedures efficiently.

Percentage of surgical procedures that met national wait time benchmarks

       Surgery (national benchmark)                                  Prior Years’ Results
                                                                                                                2024-25
                                                                                                                Actual
                                                       2020-21       2021-22       2022-23        2023-24

 Hip replacement 1
                                                       51.6%         51.2%          43.0%          62.4%        72.8%
 (benchmark 182 days)

 Knee replacement 2
                                                       43.3%         39.7%          32.5%          53.3%        62.5%
 (benchmark 182 days)

 Cataract surgery
                                                       45.3%         64.7%          64.7%          59.7%        62.8%
 (benchmark 112 days)

Source: Local Operating Room (OR) Information Systems, AHS and OR Data Repository, AHS
1Hip replacement data include totals, partials, resurfacings, primaries, and revisions for scheduled/elective cases.

2Knee replacement data include totals, partials, primaries and revisions for scheduled/elective cases.



The 2024-25 results for hip, knee and cataract surgical procedures included in this indicator show
an increase in the number of Albertans receiving these surgical procedures within national
benchmark wait times when compared with 2023-24 results.

Hip replacements increased from 62.4 per cent to 72.8 per cent, and knee replacements improved
from 53.3 per cent to 62.5 per cent. In addition to improved compliance with the national
benchmark for hips and knees, the overall number of surgeries for all three procedures has
increased at the same time.

In 2023–24, 59.7 per cent of cataract surgeries met the national benchmark, a five-percentage point
decline from the previous year. This drop is attributed to prioritizing patients who had waited the
longest, which lowered the percentage within target despite over 500 more surgeries being
completed on time. In 2024-25, performance improved to 62.8 per cent, reflecting recovery from
backlog reduction efforts.


24                                                                                         Health | Annual Report 2024–2025
"
Diagnostic imaging within priority targets,MRI,2021-22,fiscal year,68.0,percent,,higher is better,2024-25,True,Quality of Life Analysis/research/health/current/hlth-annual-report-2024-2025.pdf,30,0adc9772e55cf261b1f630a2e1378ce840e66c0d2868c079e7a849530dbefca8,table numeric row,Priority-dependent thresholds; ED within24h; MRI inpatient24-72h and scheduled7/30/90days; CT inpatient24h and scheduled7/30/60days.,"Changing urgency mix, demand, equipment and staffing limit interpretation; not a single wait threshold.","Results Analysis



Percentage of patients seen within established targets for CT scan and MRI scan

                                                         2021-22          2022-23          2023-24          2024-25


 Percentage of MRI scans within
 target*: Percentage of patients seen
                                                           68%              49%              42%              41%
 within established targets for MRI
 scans

 Percentage of CT scans within
 target**: Percentage of patients seen
                                                           87%              80%              80%              80%
 within established targets for CT
 scan

Source: Path to Care DI Dashboard - OWL Production (1.0): Path to Care DI Access Owl - AHS Tableau Server
 *MRI targets: Emergency department patients - within 24 hours; hospital patients - 24-72 hours (condition dependent);
priority 1 scheduled - within 7 days; priority 2 scheduled - within 30 days; priority 3 scheduled - within 90 days
**CT targets: Emergency department patients - within 24 hours; hospital patients - within 24 hours; priority 1 scheduled -
within 7 days; priority 2 scheduled - within 30 days; priority 3 scheduled - within 60 days

The percentage of patients receiving scans within provincial wait time targets remained consistent
for CT scans and declined marginally for MRIs. This trend reflects factors that continue to impact
service delivery, including rising demand and case complexity driven by Alberta’s aging population,
equipment and site infrastructure constraints from further scaling, and workforce recruitment and
retention challenges.

To improve access to diagnostic imaging, the Government of Alberta allocated $15 million in 2024-
25 to community diagnostic imaging providers. With this investment, AHS expects to perform
41,000 additional CT scans and 12,000 additional MRI scans. As a result:

     •       Median CT wait time dropped from 28 to 21 days
     •       Median MRI wait time dropped from 57 to 53 days
     •       AHS delivered approximately 540,000 CT and 230,000 MRI scans in 2024-25
Wait times for community lab services were improved in the following ways:

     •       In-person waits dropped by 36 per cent (35.2 to 22.6 minutes)
     •       Next available appointment wait times decreased by 54 per cent (from 9.3 to 4.4 days)
     •       Patient visits increased by 11 per cent (from 3.94M to 4.38M)
Following the transition of services from DynaLIFE to Alberta Precision Laboratories (APL) in
2023-24, wait times have consistently met or exceeded targets. APL continues to increase staffing
and appointment capacity, and 92 per cent of respondents to a recent patient survey reported
satisfaction with their lab experience.

In 2024, Alberta signed a three-year, approximately $54-million bilateral agreement with the
federal government under the National Strategy for Drugs for Rare Diseases. This will provide
earlier access to emerging rare disease drugs, as well as improve diagnostics and screening. Of the
total, up to $5.4 million annually is allocated to improving rare disease screening and testing.




28                                                                                       Health | Annual Report 2024–2025
"
Diagnostic imaging within priority targets,MRI,2022-23,fiscal year,49.0,percent,,higher is better,2024-25,True,Quality of Life Analysis/research/health/current/hlth-annual-report-2024-2025.pdf,30,0adc9772e55cf261b1f630a2e1378ce840e66c0d2868c079e7a849530dbefca8,table numeric row,Priority-dependent thresholds; ED within24h; MRI inpatient24-72h and scheduled7/30/90days; CT inpatient24h and scheduled7/30/60days.,"Changing urgency mix, demand, equipment and staffing limit interpretation; not a single wait threshold.","Results Analysis



Percentage of patients seen within established targets for CT scan and MRI scan

                                                         2021-22          2022-23          2023-24          2024-25


 Percentage of MRI scans within
 target*: Percentage of patients seen
                                                           68%              49%              42%              41%
 within established targets for MRI
 scans

 Percentage of CT scans within
 target**: Percentage of patients seen
                                                           87%              80%              80%              80%
 within established targets for CT
 scan

Source: Path to Care DI Dashboard - OWL Production (1.0): Path to Care DI Access Owl - AHS Tableau Server
 *MRI targets: Emergency department patients - within 24 hours; hospital patients - 24-72 hours (condition dependent);
priority 1 scheduled - within 7 days; priority 2 scheduled - within 30 days; priority 3 scheduled - within 90 days
**CT targets: Emergency department patients - within 24 hours; hospital patients - within 24 hours; priority 1 scheduled -
within 7 days; priority 2 scheduled - within 30 days; priority 3 scheduled - within 60 days

The percentage of patients receiving scans within provincial wait time targets remained consistent
for CT scans and declined marginally for MRIs. This trend reflects factors that continue to impact
service delivery, including rising demand and case complexity driven by Alberta’s aging population,
equipment and site infrastructure constraints from further scaling, and workforce recruitment and
retention challenges.

To improve access to diagnostic imaging, the Government of Alberta allocated $15 million in 2024-
25 to community diagnostic imaging providers. With this investment, AHS expects to perform
41,000 additional CT scans and 12,000 additional MRI scans. As a result:

     •       Median CT wait time dropped from 28 to 21 days
     •       Median MRI wait time dropped from 57 to 53 days
     •       AHS delivered approximately 540,000 CT and 230,000 MRI scans in 2024-25
Wait times for community lab services were improved in the following ways:

     •       In-person waits dropped by 36 per cent (35.2 to 22.6 minutes)
     •       Next available appointment wait times decreased by 54 per cent (from 9.3 to 4.4 days)
     •       Patient visits increased by 11 per cent (from 3.94M to 4.38M)
Following the transition of services from DynaLIFE to Alberta Precision Laboratories (APL) in
2023-24, wait times have consistently met or exceeded targets. APL continues to increase staffing
and appointment capacity, and 92 per cent of respondents to a recent patient survey reported
satisfaction with their lab experience.

In 2024, Alberta signed a three-year, approximately $54-million bilateral agreement with the
federal government under the National Strategy for Drugs for Rare Diseases. This will provide
earlier access to emerging rare disease drugs, as well as improve diagnostics and screening. Of the
total, up to $5.4 million annually is allocated to improving rare disease screening and testing.




28                                                                                       Health | Annual Report 2024–2025
"
Diagnostic imaging within priority targets,MRI,2023-24,fiscal year,42.0,percent,,higher is better,2024-25,True,Quality of Life Analysis/research/health/current/hlth-annual-report-2024-2025.pdf,30,0adc9772e55cf261b1f630a2e1378ce840e66c0d2868c079e7a849530dbefca8,table numeric row,Priority-dependent thresholds; ED within24h; MRI inpatient24-72h and scheduled7/30/90days; CT inpatient24h and scheduled7/30/60days.,"Changing urgency mix, demand, equipment and staffing limit interpretation; not a single wait threshold.","Results Analysis



Percentage of patients seen within established targets for CT scan and MRI scan

                                                         2021-22          2022-23          2023-24          2024-25


 Percentage of MRI scans within
 target*: Percentage of patients seen
                                                           68%              49%              42%              41%
 within established targets for MRI
 scans

 Percentage of CT scans within
 target**: Percentage of patients seen
                                                           87%              80%              80%              80%
 within established targets for CT
 scan

Source: Path to Care DI Dashboard - OWL Production (1.0): Path to Care DI Access Owl - AHS Tableau Server
 *MRI targets: Emergency department patients - within 24 hours; hospital patients - 24-72 hours (condition dependent);
priority 1 scheduled - within 7 days; priority 2 scheduled - within 30 days; priority 3 scheduled - within 90 days
**CT targets: Emergency department patients - within 24 hours; hospital patients - within 24 hours; priority 1 scheduled -
within 7 days; priority 2 scheduled - within 30 days; priority 3 scheduled - within 60 days

The percentage of patients receiving scans within provincial wait time targets remained consistent
for CT scans and declined marginally for MRIs. This trend reflects factors that continue to impact
service delivery, including rising demand and case complexity driven by Alberta’s aging population,
equipment and site infrastructure constraints from further scaling, and workforce recruitment and
retention challenges.

To improve access to diagnostic imaging, the Government of Alberta allocated $15 million in 2024-
25 to community diagnostic imaging providers. With this investment, AHS expects to perform
41,000 additional CT scans and 12,000 additional MRI scans. As a result:

     •       Median CT wait time dropped from 28 to 21 days
     •       Median MRI wait time dropped from 57 to 53 days
     •       AHS delivered approximately 540,000 CT and 230,000 MRI scans in 2024-25
Wait times for community lab services were improved in the following ways:

     •       In-person waits dropped by 36 per cent (35.2 to 22.6 minutes)
     •       Next available appointment wait times decreased by 54 per cent (from 9.3 to 4.4 days)
     •       Patient visits increased by 11 per cent (from 3.94M to 4.38M)
Following the transition of services from DynaLIFE to Alberta Precision Laboratories (APL) in
2023-24, wait times have consistently met or exceeded targets. APL continues to increase staffing
and appointment capacity, and 92 per cent of respondents to a recent patient survey reported
satisfaction with their lab experience.

In 2024, Alberta signed a three-year, approximately $54-million bilateral agreement with the
federal government under the National Strategy for Drugs for Rare Diseases. This will provide
earlier access to emerging rare disease drugs, as well as improve diagnostics and screening. Of the
total, up to $5.4 million annually is allocated to improving rare disease screening and testing.




28                                                                                       Health | Annual Report 2024–2025
"
Diagnostic imaging within priority targets,MRI,2024-25,fiscal year,41.0,percent,,higher is better,2024-25,True,Quality of Life Analysis/research/health/current/hlth-annual-report-2024-2025.pdf,30,0adc9772e55cf261b1f630a2e1378ce840e66c0d2868c079e7a849530dbefca8,table numeric row,Priority-dependent thresholds; ED within24h; MRI inpatient24-72h and scheduled7/30/90days; CT inpatient24h and scheduled7/30/60days.,"Changing urgency mix, demand, equipment and staffing limit interpretation; not a single wait threshold.","Results Analysis



Percentage of patients seen within established targets for CT scan and MRI scan

                                                         2021-22          2022-23          2023-24          2024-25


 Percentage of MRI scans within
 target*: Percentage of patients seen
                                                           68%              49%              42%              41%
 within established targets for MRI
 scans

 Percentage of CT scans within
 target**: Percentage of patients seen
                                                           87%              80%              80%              80%
 within established targets for CT
 scan

Source: Path to Care DI Dashboard - OWL Production (1.0): Path to Care DI Access Owl - AHS Tableau Server
 *MRI targets: Emergency department patients - within 24 hours; hospital patients - 24-72 hours (condition dependent);
priority 1 scheduled - within 7 days; priority 2 scheduled - within 30 days; priority 3 scheduled - within 90 days
**CT targets: Emergency department patients - within 24 hours; hospital patients - within 24 hours; priority 1 scheduled -
within 7 days; priority 2 scheduled - within 30 days; priority 3 scheduled - within 60 days

The percentage of patients receiving scans within provincial wait time targets remained consistent
for CT scans and declined marginally for MRIs. This trend reflects factors that continue to impact
service delivery, including rising demand and case complexity driven by Alberta’s aging population,
equipment and site infrastructure constraints from further scaling, and workforce recruitment and
retention challenges.

To improve access to diagnostic imaging, the Government of Alberta allocated $15 million in 2024-
25 to community diagnostic imaging providers. With this investment, AHS expects to perform
41,000 additional CT scans and 12,000 additional MRI scans. As a result:

     •       Median CT wait time dropped from 28 to 21 days
     •       Median MRI wait time dropped from 57 to 53 days
     •       AHS delivered approximately 540,000 CT and 230,000 MRI scans in 2024-25
Wait times for community lab services were improved in the following ways:

     •       In-person waits dropped by 36 per cent (35.2 to 22.6 minutes)
     •       Next available appointment wait times decreased by 54 per cent (from 9.3 to 4.4 days)
     •       Patient visits increased by 11 per cent (from 3.94M to 4.38M)
Following the transition of services from DynaLIFE to Alberta Precision Laboratories (APL) in
2023-24, wait times have consistently met or exceeded targets. APL continues to increase staffing
and appointment capacity, and 92 per cent of respondents to a recent patient survey reported
satisfaction with their lab experience.

In 2024, Alberta signed a three-year, approximately $54-million bilateral agreement with the
federal government under the National Strategy for Drugs for Rare Diseases. This will provide
earlier access to emerging rare disease drugs, as well as improve diagnostics and screening. Of the
total, up to $5.4 million annually is allocated to improving rare disease screening and testing.




28                                                                                       Health | Annual Report 2024–2025
"
Diagnostic imaging within priority targets,CT,2021-22,fiscal year,87.0,percent,,higher is better,2024-25,True,Quality of Life Analysis/research/health/current/hlth-annual-report-2024-2025.pdf,30,0adc9772e55cf261b1f630a2e1378ce840e66c0d2868c079e7a849530dbefca8,table numeric row,Priority-dependent thresholds; ED within24h; MRI inpatient24-72h and scheduled7/30/90days; CT inpatient24h and scheduled7/30/60days.,"Changing urgency mix, demand, equipment and staffing limit interpretation; not a single wait threshold.","Results Analysis



Percentage of patients seen within established targets for CT scan and MRI scan

                                                         2021-22          2022-23          2023-24          2024-25


 Percentage of MRI scans within
 target*: Percentage of patients seen
                                                           68%              49%              42%              41%
 within established targets for MRI
 scans

 Percentage of CT scans within
 target**: Percentage of patients seen
                                                           87%              80%              80%              80%
 within established targets for CT
 scan

Source: Path to Care DI Dashboard - OWL Production (1.0): Path to Care DI Access Owl - AHS Tableau Server
 *MRI targets: Emergency department patients - within 24 hours; hospital patients - 24-72 hours (condition dependent);
priority 1 scheduled - within 7 days; priority 2 scheduled - within 30 days; priority 3 scheduled - within 90 days
**CT targets: Emergency department patients - within 24 hours; hospital patients - within 24 hours; priority 1 scheduled -
within 7 days; priority 2 scheduled - within 30 days; priority 3 scheduled - within 60 days

The percentage of patients receiving scans within provincial wait time targets remained consistent
for CT scans and declined marginally for MRIs. This trend reflects factors that continue to impact
service delivery, including rising demand and case complexity driven by Alberta’s aging population,
equipment and site infrastructure constraints from further scaling, and workforce recruitment and
retention challenges.

To improve access to diagnostic imaging, the Government of Alberta allocated $15 million in 2024-
25 to community diagnostic imaging providers. With this investment, AHS expects to perform
41,000 additional CT scans and 12,000 additional MRI scans. As a result:

     •       Median CT wait time dropped from 28 to 21 days
     •       Median MRI wait time dropped from 57 to 53 days
     •       AHS delivered approximately 540,000 CT and 230,000 MRI scans in 2024-25
Wait times for community lab services were improved in the following ways:

     •       In-person waits dropped by 36 per cent (35.2 to 22.6 minutes)
     •       Next available appointment wait times decreased by 54 per cent (from 9.3 to 4.4 days)
     •       Patient visits increased by 11 per cent (from 3.94M to 4.38M)
Following the transition of services from DynaLIFE to Alberta Precision Laboratories (APL) in
2023-24, wait times have consistently met or exceeded targets. APL continues to increase staffing
and appointment capacity, and 92 per cent of respondents to a recent patient survey reported
satisfaction with their lab experience.

In 2024, Alberta signed a three-year, approximately $54-million bilateral agreement with the
federal government under the National Strategy for Drugs for Rare Diseases. This will provide
earlier access to emerging rare disease drugs, as well as improve diagnostics and screening. Of the
total, up to $5.4 million annually is allocated to improving rare disease screening and testing.




28                                                                                       Health | Annual Report 2024–2025
"
Diagnostic imaging within priority targets,CT,2022-23,fiscal year,80.0,percent,,higher is better,2024-25,True,Quality of Life Analysis/research/health/current/hlth-annual-report-2024-2025.pdf,30,0adc9772e55cf261b1f630a2e1378ce840e66c0d2868c079e7a849530dbefca8,table numeric row,Priority-dependent thresholds; ED within24h; MRI inpatient24-72h and scheduled7/30/90days; CT inpatient24h and scheduled7/30/60days.,"Changing urgency mix, demand, equipment and staffing limit interpretation; not a single wait threshold.","Results Analysis



Percentage of patients seen within established targets for CT scan and MRI scan

                                                         2021-22          2022-23          2023-24          2024-25


 Percentage of MRI scans within
 target*: Percentage of patients seen
                                                           68%              49%              42%              41%
 within established targets for MRI
 scans

 Percentage of CT scans within
 target**: Percentage of patients seen
                                                           87%              80%              80%              80%
 within established targets for CT
 scan

Source: Path to Care DI Dashboard - OWL Production (1.0): Path to Care DI Access Owl - AHS Tableau Server
 *MRI targets: Emergency department patients - within 24 hours; hospital patients - 24-72 hours (condition dependent);
priority 1 scheduled - within 7 days; priority 2 scheduled - within 30 days; priority 3 scheduled - within 90 days
**CT targets: Emergency department patients - within 24 hours; hospital patients - within 24 hours; priority 1 scheduled -
within 7 days; priority 2 scheduled - within 30 days; priority 3 scheduled - within 60 days

The percentage of patients receiving scans within provincial wait time targets remained consistent
for CT scans and declined marginally for MRIs. This trend reflects factors that continue to impact
service delivery, including rising demand and case complexity driven by Alberta’s aging population,
equipment and site infrastructure constraints from further scaling, and workforce recruitment and
retention challenges.

To improve access to diagnostic imaging, the Government of Alberta allocated $15 million in 2024-
25 to community diagnostic imaging providers. With this investment, AHS expects to perform
41,000 additional CT scans and 12,000 additional MRI scans. As a result:

     •       Median CT wait time dropped from 28 to 21 days
     •       Median MRI wait time dropped from 57 to 53 days
     •       AHS delivered approximately 540,000 CT and 230,000 MRI scans in 2024-25
Wait times for community lab services were improved in the following ways:

     •       In-person waits dropped by 36 per cent (35.2 to 22.6 minutes)
     •       Next available appointment wait times decreased by 54 per cent (from 9.3 to 4.4 days)
     •       Patient visits increased by 11 per cent (from 3.94M to 4.38M)
Following the transition of services from DynaLIFE to Alberta Precision Laboratories (APL) in
2023-24, wait times have consistently met or exceeded targets. APL continues to increase staffing
and appointment capacity, and 92 per cent of respondents to a recent patient survey reported
satisfaction with their lab experience.

In 2024, Alberta signed a three-year, approximately $54-million bilateral agreement with the
federal government under the National Strategy for Drugs for Rare Diseases. This will provide
earlier access to emerging rare disease drugs, as well as improve diagnostics and screening. Of the
total, up to $5.4 million annually is allocated to improving rare disease screening and testing.




28                                                                                       Health | Annual Report 2024–2025
"
Diagnostic imaging within priority targets,CT,2023-24,fiscal year,80.0,percent,,higher is better,2024-25,True,Quality of Life Analysis/research/health/current/hlth-annual-report-2024-2025.pdf,30,0adc9772e55cf261b1f630a2e1378ce840e66c0d2868c079e7a849530dbefca8,table numeric row,Priority-dependent thresholds; ED within24h; MRI inpatient24-72h and scheduled7/30/90days; CT inpatient24h and scheduled7/30/60days.,"Changing urgency mix, demand, equipment and staffing limit interpretation; not a single wait threshold.","Results Analysis



Percentage of patients seen within established targets for CT scan and MRI scan

                                                         2021-22          2022-23          2023-24          2024-25


 Percentage of MRI scans within
 target*: Percentage of patients seen
                                                           68%              49%              42%              41%
 within established targets for MRI
 scans

 Percentage of CT scans within
 target**: Percentage of patients seen
                                                           87%              80%              80%              80%
 within established targets for CT
 scan

Source: Path to Care DI Dashboard - OWL Production (1.0): Path to Care DI Access Owl - AHS Tableau Server
 *MRI targets: Emergency department patients - within 24 hours; hospital patients - 24-72 hours (condition dependent);
priority 1 scheduled - within 7 days; priority 2 scheduled - within 30 days; priority 3 scheduled - within 90 days
**CT targets: Emergency department patients - within 24 hours; hospital patients - within 24 hours; priority 1 scheduled -
within 7 days; priority 2 scheduled - within 30 days; priority 3 scheduled - within 60 days

The percentage of patients receiving scans within provincial wait time targets remained consistent
for CT scans and declined marginally for MRIs. This trend reflects factors that continue to impact
service delivery, including rising demand and case complexity driven by Alberta’s aging population,
equipment and site infrastructure constraints from further scaling, and workforce recruitment and
retention challenges.

To improve access to diagnostic imaging, the Government of Alberta allocated $15 million in 2024-
25 to community diagnostic imaging providers. With this investment, AHS expects to perform
41,000 additional CT scans and 12,000 additional MRI scans. As a result:

     •       Median CT wait time dropped from 28 to 21 days
     •       Median MRI wait time dropped from 57 to 53 days
     •       AHS delivered approximately 540,000 CT and 230,000 MRI scans in 2024-25
Wait times for community lab services were improved in the following ways:

     •       In-person waits dropped by 36 per cent (35.2 to 22.6 minutes)
     •       Next available appointment wait times decreased by 54 per cent (from 9.3 to 4.4 days)
     •       Patient visits increased by 11 per cent (from 3.94M to 4.38M)
Following the transition of services from DynaLIFE to Alberta Precision Laboratories (APL) in
2023-24, wait times have consistently met or exceeded targets. APL continues to increase staffing
and appointment capacity, and 92 per cent of respondents to a recent patient survey reported
satisfaction with their lab experience.

In 2024, Alberta signed a three-year, approximately $54-million bilateral agreement with the
federal government under the National Strategy for Drugs for Rare Diseases. This will provide
earlier access to emerging rare disease drugs, as well as improve diagnostics and screening. Of the
total, up to $5.4 million annually is allocated to improving rare disease screening and testing.




28                                                                                       Health | Annual Report 2024–2025
"
Diagnostic imaging within priority targets,CT,2024-25,fiscal year,80.0,percent,,higher is better,2024-25,True,Quality of Life Analysis/research/health/current/hlth-annual-report-2024-2025.pdf,30,0adc9772e55cf261b1f630a2e1378ce840e66c0d2868c079e7a849530dbefca8,table numeric row,Priority-dependent thresholds; ED within24h; MRI inpatient24-72h and scheduled7/30/90days; CT inpatient24h and scheduled7/30/60days.,"Changing urgency mix, demand, equipment and staffing limit interpretation; not a single wait threshold.","Results Analysis



Percentage of patients seen within established targets for CT scan and MRI scan

                                                         2021-22          2022-23          2023-24          2024-25


 Percentage of MRI scans within
 target*: Percentage of patients seen
                                                           68%              49%              42%              41%
 within established targets for MRI
 scans

 Percentage of CT scans within
 target**: Percentage of patients seen
                                                           87%              80%              80%              80%
 within established targets for CT
 scan

Source: Path to Care DI Dashboard - OWL Production (1.0): Path to Care DI Access Owl - AHS Tableau Server
 *MRI targets: Emergency department patients - within 24 hours; hospital patients - 24-72 hours (condition dependent);
priority 1 scheduled - within 7 days; priority 2 scheduled - within 30 days; priority 3 scheduled - within 90 days
**CT targets: Emergency department patients - within 24 hours; hospital patients - within 24 hours; priority 1 scheduled -
within 7 days; priority 2 scheduled - within 30 days; priority 3 scheduled - within 60 days

The percentage of patients receiving scans within provincial wait time targets remained consistent
for CT scans and declined marginally for MRIs. This trend reflects factors that continue to impact
service delivery, including rising demand and case complexity driven by Alberta’s aging population,
equipment and site infrastructure constraints from further scaling, and workforce recruitment and
retention challenges.

To improve access to diagnostic imaging, the Government of Alberta allocated $15 million in 2024-
25 to community diagnostic imaging providers. With this investment, AHS expects to perform
41,000 additional CT scans and 12,000 additional MRI scans. As a result:

     •       Median CT wait time dropped from 28 to 21 days
     •       Median MRI wait time dropped from 57 to 53 days
     •       AHS delivered approximately 540,000 CT and 230,000 MRI scans in 2024-25
Wait times for community lab services were improved in the following ways:

     •       In-person waits dropped by 36 per cent (35.2 to 22.6 minutes)
     •       Next available appointment wait times decreased by 54 per cent (from 9.3 to 4.4 days)
     •       Patient visits increased by 11 per cent (from 3.94M to 4.38M)
Following the transition of services from DynaLIFE to Alberta Precision Laboratories (APL) in
2023-24, wait times have consistently met or exceeded targets. APL continues to increase staffing
and appointment capacity, and 92 per cent of respondents to a recent patient survey reported
satisfaction with their lab experience.

In 2024, Alberta signed a three-year, approximately $54-million bilateral agreement with the
federal government under the National Strategy for Drugs for Rare Diseases. This will provide
earlier access to emerging rare disease drugs, as well as improve diagnostics and screening. Of the
total, up to $5.4 million annually is allocated to improving rare disease screening and testing.




28                                                                                       Health | Annual Report 2024–2025
"
Unplanned medical hospital readmission within30days,included medical acute-care discharges,2020-21,fiscal year,13.2,percent,,lower is better,2024-25,True,Quality of Life Analysis/research/health/current/hlth-annual-report-2024-2025.pdf,42,0adc9772e55cf261b1f630a2e1378ce840e66c0d2868c079e7a849530dbefca8,table numeric row,Unplanned readmission within30days after a medical discharge.,"Excludes surgery,pregnancy/childbirth,mental health,palliative care,cancer therapy. Not all hospital readmissions; depends on patient case mix and continuity of care.","Results Analysis



Licensing and Monitoring in Continuing Care

To strengthen accountability, transparency, and oversight in Alberta’s continuing care system, the
Government of Alberta introduced a new legislative framework:

      •       On April 1, 2024, the Continuing Care Act and associated regulations—Continuing Care
              Regulation and Continuing Care (Ministerial) Regulation—came into effect. This
              legislative update marked a major milestone in transforming Alberta’s continuing care
              system.
      •       The Act enables Alberta Health to enhance licensing, monitoring, and compliance
              processes across all levels of continuing care, including home and community care,
              supportive living, and palliative services. These enhanced oversight mechanisms are
              intended to ensure quality, safety, and equitable access to services.

Additionally, ALA, expected to become operational by fall 2025, will align medical and non-medical
services, expand access to continuing care, and support system accountability through integrated
service delivery and performance monitoring.

The performance metric 2.b, included in the 2024-27 Business Plan, pertains to Continuing Care
which has been transitioned to the Ministry of Seniors, Community and Social Services. Hence, this
data will not be discussed in this report.

Unplanned medical readmissions to hospital within 30 days of discharge

                                              2020-21       2021-22       2022-23        2023-24       2024-25


 Percentage of patients with an
 unplanned medical re-
                                              13.2%         12.9%         12.6%          12.7%          12.7%
 admission within 30 days of
 discharge

Source: Alberta’s Morbidity and Ambulatory Care Abstract Reporting System (MACAR)
Note: The result is for Acute Care data submissions

The above performance measure estimates the percentage of medical patients with an unplanned
readmission to hospital within 30 days of being discharged. A lower percentage means fewer
patients have been readmitted to hospital within one month of discharge. A high rate of
readmissions increases costs and may mean the health system is not performing as well as it could
be. Although readmission may involve many factors, lower readmission rates may show that
Albertans are supported by discharge planning and continuity of care. Results exclude hospital
admissions for surgery, pregnancy, childbirth, mental health diseases and disorders, palliative care,
and cancer therapy. The desired result is to decrease the percentage of unplanned readmissions to
hospital within 30 days of discharge.

In 2024-25, the percentage of medical patients with an unplanned hospital readmission within 30
days of discharge from hospital was 12.7 per cent, identical to as that of previous years.

2.4       Strengthen and modernize Alberta’s primary health care system in partnership with
          Albertans and Indigenous communities by implementing innovations to ensure access
          to safe, timely and appropriate primary health care services in the community


40                                                                                  Health | Annual Report 2024–2025
"
Unplanned medical hospital readmission within30days,included medical acute-care discharges,2021-22,fiscal year,12.9,percent,,lower is better,2024-25,True,Quality of Life Analysis/research/health/current/hlth-annual-report-2024-2025.pdf,42,0adc9772e55cf261b1f630a2e1378ce840e66c0d2868c079e7a849530dbefca8,table numeric row,Unplanned readmission within30days after a medical discharge.,"Excludes surgery,pregnancy/childbirth,mental health,palliative care,cancer therapy. Not all hospital readmissions; depends on patient case mix and continuity of care.","Results Analysis



Licensing and Monitoring in Continuing Care

To strengthen accountability, transparency, and oversight in Alberta’s continuing care system, the
Government of Alberta introduced a new legislative framework:

      •       On April 1, 2024, the Continuing Care Act and associated regulations—Continuing Care
              Regulation and Continuing Care (Ministerial) Regulation—came into effect. This
              legislative update marked a major milestone in transforming Alberta’s continuing care
              system.
      •       The Act enables Alberta Health to enhance licensing, monitoring, and compliance
              processes across all levels of continuing care, including home and community care,
              supportive living, and palliative services. These enhanced oversight mechanisms are
              intended to ensure quality, safety, and equitable access to services.

Additionally, ALA, expected to become operational by fall 2025, will align medical and non-medical
services, expand access to continuing care, and support system accountability through integrated
service delivery and performance monitoring.

The performance metric 2.b, included in the 2024-27 Business Plan, pertains to Continuing Care
which has been transitioned to the Ministry of Seniors, Community and Social Services. Hence, this
data will not be discussed in this report.

Unplanned medical readmissions to hospital within 30 days of discharge

                                              2020-21       2021-22       2022-23        2023-24       2024-25


 Percentage of patients with an
 unplanned medical re-
                                              13.2%         12.9%         12.6%          12.7%          12.7%
 admission within 30 days of
 discharge

Source: Alberta’s Morbidity and Ambulatory Care Abstract Reporting System (MACAR)
Note: The result is for Acute Care data submissions

The above performance measure estimates the percentage of medical patients with an unplanned
readmission to hospital within 30 days of being discharged. A lower percentage means fewer
patients have been readmitted to hospital within one month of discharge. A high rate of
readmissions increases costs and may mean the health system is not performing as well as it could
be. Although readmission may involve many factors, lower readmission rates may show that
Albertans are supported by discharge planning and continuity of care. Results exclude hospital
admissions for surgery, pregnancy, childbirth, mental health diseases and disorders, palliative care,
and cancer therapy. The desired result is to decrease the percentage of unplanned readmissions to
hospital within 30 days of discharge.

In 2024-25, the percentage of medical patients with an unplanned hospital readmission within 30
days of discharge from hospital was 12.7 per cent, identical to as that of previous years.

2.4       Strengthen and modernize Alberta’s primary health care system in partnership with
          Albertans and Indigenous communities by implementing innovations to ensure access
          to safe, timely and appropriate primary health care services in the community


40                                                                                  Health | Annual Report 2024–2025
"
Unplanned medical hospital readmission within30days,included medical acute-care discharges,2022-23,fiscal year,12.6,percent,,lower is better,2024-25,True,Quality of Life Analysis/research/health/current/hlth-annual-report-2024-2025.pdf,42,0adc9772e55cf261b1f630a2e1378ce840e66c0d2868c079e7a849530dbefca8,table numeric row,Unplanned readmission within30days after a medical discharge.,"Excludes surgery,pregnancy/childbirth,mental health,palliative care,cancer therapy. Not all hospital readmissions; depends on patient case mix and continuity of care.","Results Analysis



Licensing and Monitoring in Continuing Care

To strengthen accountability, transparency, and oversight in Alberta’s continuing care system, the
Government of Alberta introduced a new legislative framework:

      •       On April 1, 2024, the Continuing Care Act and associated regulations—Continuing Care
              Regulation and Continuing Care (Ministerial) Regulation—came into effect. This
              legislative update marked a major milestone in transforming Alberta’s continuing care
              system.
      •       The Act enables Alberta Health to enhance licensing, monitoring, and compliance
              processes across all levels of continuing care, including home and community care,
              supportive living, and palliative services. These enhanced oversight mechanisms are
              intended to ensure quality, safety, and equitable access to services.

Additionally, ALA, expected to become operational by fall 2025, will align medical and non-medical
services, expand access to continuing care, and support system accountability through integrated
service delivery and performance monitoring.

The performance metric 2.b, included in the 2024-27 Business Plan, pertains to Continuing Care
which has been transitioned to the Ministry of Seniors, Community and Social Services. Hence, this
data will not be discussed in this report.

Unplanned medical readmissions to hospital within 30 days of discharge

                                              2020-21       2021-22       2022-23        2023-24       2024-25


 Percentage of patients with an
 unplanned medical re-
                                              13.2%         12.9%         12.6%          12.7%          12.7%
 admission within 30 days of
 discharge

Source: Alberta’s Morbidity and Ambulatory Care Abstract Reporting System (MACAR)
Note: The result is for Acute Care data submissions

The above performance measure estimates the percentage of medical patients with an unplanned
readmission to hospital within 30 days of being discharged. A lower percentage means fewer
patients have been readmitted to hospital within one month of discharge. A high rate of
readmissions increases costs and may mean the health system is not performing as well as it could
be. Although readmission may involve many factors, lower readmission rates may show that
Albertans are supported by discharge planning and continuity of care. Results exclude hospital
admissions for surgery, pregnancy, childbirth, mental health diseases and disorders, palliative care,
and cancer therapy. The desired result is to decrease the percentage of unplanned readmissions to
hospital within 30 days of discharge.

In 2024-25, the percentage of medical patients with an unplanned hospital readmission within 30
days of discharge from hospital was 12.7 per cent, identical to as that of previous years.

2.4       Strengthen and modernize Alberta’s primary health care system in partnership with
          Albertans and Indigenous communities by implementing innovations to ensure access
          to safe, timely and appropriate primary health care services in the community


40                                                                                  Health | Annual Report 2024–2025
"
Unplanned medical hospital readmission within30days,included medical acute-care discharges,2023-24,fiscal year,12.7,percent,,lower is better,2024-25,True,Quality of Life Analysis/research/health/current/hlth-annual-report-2024-2025.pdf,42,0adc9772e55cf261b1f630a2e1378ce840e66c0d2868c079e7a849530dbefca8,table numeric row,Unplanned readmission within30days after a medical discharge.,"Excludes surgery,pregnancy/childbirth,mental health,palliative care,cancer therapy. Not all hospital readmissions; depends on patient case mix and continuity of care.","Results Analysis



Licensing and Monitoring in Continuing Care

To strengthen accountability, transparency, and oversight in Alberta’s continuing care system, the
Government of Alberta introduced a new legislative framework:

      •       On April 1, 2024, the Continuing Care Act and associated regulations—Continuing Care
              Regulation and Continuing Care (Ministerial) Regulation—came into effect. This
              legislative update marked a major milestone in transforming Alberta’s continuing care
              system.
      •       The Act enables Alberta Health to enhance licensing, monitoring, and compliance
              processes across all levels of continuing care, including home and community care,
              supportive living, and palliative services. These enhanced oversight mechanisms are
              intended to ensure quality, safety, and equitable access to services.

Additionally, ALA, expected to become operational by fall 2025, will align medical and non-medical
services, expand access to continuing care, and support system accountability through integrated
service delivery and performance monitoring.

The performance metric 2.b, included in the 2024-27 Business Plan, pertains to Continuing Care
which has been transitioned to the Ministry of Seniors, Community and Social Services. Hence, this
data will not be discussed in this report.

Unplanned medical readmissions to hospital within 30 days of discharge

                                              2020-21       2021-22       2022-23        2023-24       2024-25


 Percentage of patients with an
 unplanned medical re-
                                              13.2%         12.9%         12.6%          12.7%          12.7%
 admission within 30 days of
 discharge

Source: Alberta’s Morbidity and Ambulatory Care Abstract Reporting System (MACAR)
Note: The result is for Acute Care data submissions

The above performance measure estimates the percentage of medical patients with an unplanned
readmission to hospital within 30 days of being discharged. A lower percentage means fewer
patients have been readmitted to hospital within one month of discharge. A high rate of
readmissions increases costs and may mean the health system is not performing as well as it could
be. Although readmission may involve many factors, lower readmission rates may show that
Albertans are supported by discharge planning and continuity of care. Results exclude hospital
admissions for surgery, pregnancy, childbirth, mental health diseases and disorders, palliative care,
and cancer therapy. The desired result is to decrease the percentage of unplanned readmissions to
hospital within 30 days of discharge.

In 2024-25, the percentage of medical patients with an unplanned hospital readmission within 30
days of discharge from hospital was 12.7 per cent, identical to as that of previous years.

2.4       Strengthen and modernize Alberta’s primary health care system in partnership with
          Albertans and Indigenous communities by implementing innovations to ensure access
          to safe, timely and appropriate primary health care services in the community


40                                                                                  Health | Annual Report 2024–2025
"
Unplanned medical hospital readmission within30days,included medical acute-care discharges,2024-25,fiscal year,12.7,percent,,lower is better,2024-25,True,Quality of Life Analysis/research/health/current/hlth-annual-report-2024-2025.pdf,42,0adc9772e55cf261b1f630a2e1378ce840e66c0d2868c079e7a849530dbefca8,table numeric row,Unplanned readmission within30days after a medical discharge.,"Excludes surgery,pregnancy/childbirth,mental health,palliative care,cancer therapy. Not all hospital readmissions; depends on patient case mix and continuity of care.","Results Analysis



Licensing and Monitoring in Continuing Care

To strengthen accountability, transparency, and oversight in Alberta’s continuing care system, the
Government of Alberta introduced a new legislative framework:

      •       On April 1, 2024, the Continuing Care Act and associated regulations—Continuing Care
              Regulation and Continuing Care (Ministerial) Regulation—came into effect. This
              legislative update marked a major milestone in transforming Alberta’s continuing care
              system.
      •       The Act enables Alberta Health to enhance licensing, monitoring, and compliance
              processes across all levels of continuing care, including home and community care,
              supportive living, and palliative services. These enhanced oversight mechanisms are
              intended to ensure quality, safety, and equitable access to services.

Additionally, ALA, expected to become operational by fall 2025, will align medical and non-medical
services, expand access to continuing care, and support system accountability through integrated
service delivery and performance monitoring.

The performance metric 2.b, included in the 2024-27 Business Plan, pertains to Continuing Care
which has been transitioned to the Ministry of Seniors, Community and Social Services. Hence, this
data will not be discussed in this report.

Unplanned medical readmissions to hospital within 30 days of discharge

                                              2020-21       2021-22       2022-23        2023-24       2024-25


 Percentage of patients with an
 unplanned medical re-
                                              13.2%         12.9%         12.6%          12.7%          12.7%
 admission within 30 days of
 discharge

Source: Alberta’s Morbidity and Ambulatory Care Abstract Reporting System (MACAR)
Note: The result is for Acute Care data submissions

The above performance measure estimates the percentage of medical patients with an unplanned
readmission to hospital within 30 days of being discharged. A lower percentage means fewer
patients have been readmitted to hospital within one month of discharge. A high rate of
readmissions increases costs and may mean the health system is not performing as well as it could
be. Although readmission may involve many factors, lower readmission rates may show that
Albertans are supported by discharge planning and continuity of care. Results exclude hospital
admissions for surgery, pregnancy, childbirth, mental health diseases and disorders, palliative care,
and cancer therapy. The desired result is to decrease the percentage of unplanned readmissions to
hospital within 30 days of discharge.

In 2024-25, the percentage of medical patients with an unplanned hospital readmission within 30
days of discharge from hospital was 12.7 per cent, identical to as that of previous years.

2.4       Strengthen and modernize Alberta’s primary health care system in partnership with
          Albertans and Indigenous communities by implementing innovations to ensure access
          to safe, timely and appropriate primary health care services in the community


40                                                                                  Health | Annual Report 2024–2025
"
Elective surgery within national wait benchmark,Hip,2015-16,fiscal year,80.5,percent of completed valid RTT cases,,higher is better,2019-20,False,Quality of Life Analysis/research/health/current/health-2019-2020.pdf,30,5b7a60a185afebb453e444bc500267a0b6c4e8b49e3da7e632cca5f568359a4f,table numeric row,"Historical source uses national182day hip/knee and112day cataract benchmarks, excluding emergency procedures.",Historical2019-20 publication vintage; do not silently splice into2024-25 vintage.2019-20 endpoint values are reproduced by2023-24 report but full revisions across2015-19 not audited.,"Results Analysis



While not all hospital admissions for ambulatory care sensitive conditions are avoidable, it is
assumed that appropriate ambulatory care could help prevent the onset of this type of illness or
condition, control an acute episodic illness or condition, or manage a chronic disease or condition.
Optimizing management of these health conditions in the community, including primary health care
settings, and support for people in managing their health conditions can contribute to both
improved patient outcomes and reduced health care costs.

The ministry continues to focus on increasing access to care in the community and developing a
coordinated approach across the continuum of care, to help people prevent and manage chronic
health conditions and diseases and improve their quality of life. The ministry is working
collaboratively with community partners to coordinate the planning and delivery of supports and
services across the province in all AHS health zones. In addition, Alberta’s Strategic Clinical
Networks focus on specific areas of health such as cardiovascular health and stroke; diabetes,
obesity and nutrition; and, respiratory health to implement clinical best practices and ensure
consistent care across the province.

Performance Indicator 1.d
     Wait times for surgical procedures

            Surgery                             Prior Years’ Results                        2019-20
      (national benchmark)         2015-16    2016-17        2017-18       2018-19           Actual

      Hip replacement
                                    80.5%       80.2%         70.5%          68.5%            65.5%
     (benchmark 182 days)
      Knee replacement
                                    77.7%       75.2%         64.6%          65.0%            61.5%
     (benchmark 182 days)
      Cataract surgery
                                    60.6%       56.8%         53.3%          48.2%            45.1%
     (benchmark 112 days)
 Source: Alberta Health Services

This indicator tracks the percentage of selected common surgical procedures undertaken within
established national benchmarks. The results are based on the time (in days) within which people
had their surgical procedures performed in Alberta as planned. The wait time calculations do not
include persons who received emergency surgical care.

Results Analysis

The 2019-20 results for all three types of surgical procedure included in this indicator show a
decline, meaning that fewer Albertans are receiving the surgical procedure within national
benchmark wait times when compared to 2018-19 results. Shorter wait times are expected in the
future as the Alberta Surgical Initiative is implemented over the next three years. Alberta’s Surgery
Strategic Clinical Network is also implementing initiatives to improve access and decrease wait
times, reduce variation in clinical practice, and increase quality of surgical care provincially.

The following table provides results published by the Canadian Institute for Health Information. For
the reporting time period (April 1-September 30, 2018), more Albertans receive surgical procedures
within national benchmark wait times than those waiting for surgeries in a number of other
provinces. However, a higher proportion of people in comparator provinces of Ontario and Quebec




28                                                                        Health | Annual Report 2019–2020
"
Elective surgery within national wait benchmark,Hip,2016-17,fiscal year,80.2,percent of completed valid RTT cases,,higher is better,2019-20,False,Quality of Life Analysis/research/health/current/health-2019-2020.pdf,30,5b7a60a185afebb453e444bc500267a0b6c4e8b49e3da7e632cca5f568359a4f,table numeric row,"Historical source uses national182day hip/knee and112day cataract benchmarks, excluding emergency procedures.",Historical2019-20 publication vintage; do not silently splice into2024-25 vintage.2019-20 endpoint values are reproduced by2023-24 report but full revisions across2015-19 not audited.,"Results Analysis



While not all hospital admissions for ambulatory care sensitive conditions are avoidable, it is
assumed that appropriate ambulatory care could help prevent the onset of this type of illness or
condition, control an acute episodic illness or condition, or manage a chronic disease or condition.
Optimizing management of these health conditions in the community, including primary health care
settings, and support for people in managing their health conditions can contribute to both
improved patient outcomes and reduced health care costs.

The ministry continues to focus on increasing access to care in the community and developing a
coordinated approach across the continuum of care, to help people prevent and manage chronic
health conditions and diseases and improve their quality of life. The ministry is working
collaboratively with community partners to coordinate the planning and delivery of supports and
services across the province in all AHS health zones. In addition, Alberta’s Strategic Clinical
Networks focus on specific areas of health such as cardiovascular health and stroke; diabetes,
obesity and nutrition; and, respiratory health to implement clinical best practices and ensure
consistent care across the province.

Performance Indicator 1.d
     Wait times for surgical procedures

            Surgery                             Prior Years’ Results                        2019-20
      (national benchmark)         2015-16    2016-17        2017-18       2018-19           Actual

      Hip replacement
                                    80.5%       80.2%         70.5%          68.5%            65.5%
     (benchmark 182 days)
      Knee replacement
                                    77.7%       75.2%         64.6%          65.0%            61.5%
     (benchmark 182 days)
      Cataract surgery
                                    60.6%       56.8%         53.3%          48.2%            45.1%
     (benchmark 112 days)
 Source: Alberta Health Services

This indicator tracks the percentage of selected common surgical procedures undertaken within
established national benchmarks. The results are based on the time (in days) within which people
had their surgical procedures performed in Alberta as planned. The wait time calculations do not
include persons who received emergency surgical care.

Results Analysis

The 2019-20 results for all three types of surgical procedure included in this indicator show a
decline, meaning that fewer Albertans are receiving the surgical procedure within national
benchmark wait times when compared to 2018-19 results. Shorter wait times are expected in the
future as the Alberta Surgical Initiative is implemented over the next three years. Alberta’s Surgery
Strategic Clinical Network is also implementing initiatives to improve access and decrease wait
times, reduce variation in clinical practice, and increase quality of surgical care provincially.

The following table provides results published by the Canadian Institute for Health Information. For
the reporting time period (April 1-September 30, 2018), more Albertans receive surgical procedures
within national benchmark wait times than those waiting for surgeries in a number of other
provinces. However, a higher proportion of people in comparator provinces of Ontario and Quebec




28                                                                        Health | Annual Report 2019–2020
"
Elective surgery within national wait benchmark,Hip,2017-18,fiscal year,70.5,percent of completed valid RTT cases,,higher is better,2019-20,False,Quality of Life Analysis/research/health/current/health-2019-2020.pdf,30,5b7a60a185afebb453e444bc500267a0b6c4e8b49e3da7e632cca5f568359a4f,table numeric row,"Historical source uses national182day hip/knee and112day cataract benchmarks, excluding emergency procedures.",Historical2019-20 publication vintage; do not silently splice into2024-25 vintage.2019-20 endpoint values are reproduced by2023-24 report but full revisions across2015-19 not audited.,"Results Analysis



While not all hospital admissions for ambulatory care sensitive conditions are avoidable, it is
assumed that appropriate ambulatory care could help prevent the onset of this type of illness or
condition, control an acute episodic illness or condition, or manage a chronic disease or condition.
Optimizing management of these health conditions in the community, including primary health care
settings, and support for people in managing their health conditions can contribute to both
improved patient outcomes and reduced health care costs.

The ministry continues to focus on increasing access to care in the community and developing a
coordinated approach across the continuum of care, to help people prevent and manage chronic
health conditions and diseases and improve their quality of life. The ministry is working
collaboratively with community partners to coordinate the planning and delivery of supports and
services across the province in all AHS health zones. In addition, Alberta’s Strategic Clinical
Networks focus on specific areas of health such as cardiovascular health and stroke; diabetes,
obesity and nutrition; and, respiratory health to implement clinical best practices and ensure
consistent care across the province.

Performance Indicator 1.d
     Wait times for surgical procedures

            Surgery                             Prior Years’ Results                        2019-20
      (national benchmark)         2015-16    2016-17        2017-18       2018-19           Actual

      Hip replacement
                                    80.5%       80.2%         70.5%          68.5%            65.5%
     (benchmark 182 days)
      Knee replacement
                                    77.7%       75.2%         64.6%          65.0%            61.5%
     (benchmark 182 days)
      Cataract surgery
                                    60.6%       56.8%         53.3%          48.2%            45.1%
     (benchmark 112 days)
 Source: Alberta Health Services

This indicator tracks the percentage of selected common surgical procedures undertaken within
established national benchmarks. The results are based on the time (in days) within which people
had their surgical procedures performed in Alberta as planned. The wait time calculations do not
include persons who received emergency surgical care.

Results Analysis

The 2019-20 results for all three types of surgical procedure included in this indicator show a
decline, meaning that fewer Albertans are receiving the surgical procedure within national
benchmark wait times when compared to 2018-19 results. Shorter wait times are expected in the
future as the Alberta Surgical Initiative is implemented over the next three years. Alberta’s Surgery
Strategic Clinical Network is also implementing initiatives to improve access and decrease wait
times, reduce variation in clinical practice, and increase quality of surgical care provincially.

The following table provides results published by the Canadian Institute for Health Information. For
the reporting time period (April 1-September 30, 2018), more Albertans receive surgical procedures
within national benchmark wait times than those waiting for surgeries in a number of other
provinces. However, a higher proportion of people in comparator provinces of Ontario and Quebec




28                                                                        Health | Annual Report 2019–2020
"
Elective surgery within national wait benchmark,Hip,2018-19,fiscal year,68.5,percent of completed valid RTT cases,,higher is better,2019-20,False,Quality of Life Analysis/research/health/current/health-2019-2020.pdf,30,5b7a60a185afebb453e444bc500267a0b6c4e8b49e3da7e632cca5f568359a4f,table numeric row,"Historical source uses national182day hip/knee and112day cataract benchmarks, excluding emergency procedures.",Historical2019-20 publication vintage; do not silently splice into2024-25 vintage.2019-20 endpoint values are reproduced by2023-24 report but full revisions across2015-19 not audited.,"Results Analysis



While not all hospital admissions for ambulatory care sensitive conditions are avoidable, it is
assumed that appropriate ambulatory care could help prevent the onset of this type of illness or
condition, control an acute episodic illness or condition, or manage a chronic disease or condition.
Optimizing management of these health conditions in the community, including primary health care
settings, and support for people in managing their health conditions can contribute to both
improved patient outcomes and reduced health care costs.

The ministry continues to focus on increasing access to care in the community and developing a
coordinated approach across the continuum of care, to help people prevent and manage chronic
health conditions and diseases and improve their quality of life. The ministry is working
collaboratively with community partners to coordinate the planning and delivery of supports and
services across the province in all AHS health zones. In addition, Alberta’s Strategic Clinical
Networks focus on specific areas of health such as cardiovascular health and stroke; diabetes,
obesity and nutrition; and, respiratory health to implement clinical best practices and ensure
consistent care across the province.

Performance Indicator 1.d
     Wait times for surgical procedures

            Surgery                             Prior Years’ Results                        2019-20
      (national benchmark)         2015-16    2016-17        2017-18       2018-19           Actual

      Hip replacement
                                    80.5%       80.2%         70.5%          68.5%            65.5%
     (benchmark 182 days)
      Knee replacement
                                    77.7%       75.2%         64.6%          65.0%            61.5%
     (benchmark 182 days)
      Cataract surgery
                                    60.6%       56.8%         53.3%          48.2%            45.1%
     (benchmark 112 days)
 Source: Alberta Health Services

This indicator tracks the percentage of selected common surgical procedures undertaken within
established national benchmarks. The results are based on the time (in days) within which people
had their surgical procedures performed in Alberta as planned. The wait time calculations do not
include persons who received emergency surgical care.

Results Analysis

The 2019-20 results for all three types of surgical procedure included in this indicator show a
decline, meaning that fewer Albertans are receiving the surgical procedure within national
benchmark wait times when compared to 2018-19 results. Shorter wait times are expected in the
future as the Alberta Surgical Initiative is implemented over the next three years. Alberta’s Surgery
Strategic Clinical Network is also implementing initiatives to improve access and decrease wait
times, reduce variation in clinical practice, and increase quality of surgical care provincially.

The following table provides results published by the Canadian Institute for Health Information. For
the reporting time period (April 1-September 30, 2018), more Albertans receive surgical procedures
within national benchmark wait times than those waiting for surgeries in a number of other
provinces. However, a higher proportion of people in comparator provinces of Ontario and Quebec




28                                                                        Health | Annual Report 2019–2020
"
Elective surgery within national wait benchmark,Hip,2019-20,fiscal year,65.5,percent of completed valid RTT cases,,higher is better,2019-20,False,Quality of Life Analysis/research/health/current/health-2019-2020.pdf,30,5b7a60a185afebb453e444bc500267a0b6c4e8b49e3da7e632cca5f568359a4f,table numeric row,"Historical source uses national182day hip/knee and112day cataract benchmarks, excluding emergency procedures.",Historical2019-20 publication vintage; do not silently splice into2024-25 vintage.2019-20 endpoint values are reproduced by2023-24 report but full revisions across2015-19 not audited.,"Results Analysis



While not all hospital admissions for ambulatory care sensitive conditions are avoidable, it is
assumed that appropriate ambulatory care could help prevent the onset of this type of illness or
condition, control an acute episodic illness or condition, or manage a chronic disease or condition.
Optimizing management of these health conditions in the community, including primary health care
settings, and support for people in managing their health conditions can contribute to both
improved patient outcomes and reduced health care costs.

The ministry continues to focus on increasing access to care in the community and developing a
coordinated approach across the continuum of care, to help people prevent and manage chronic
health conditions and diseases and improve their quality of life. The ministry is working
collaboratively with community partners to coordinate the planning and delivery of supports and
services across the province in all AHS health zones. In addition, Alberta’s Strategic Clinical
Networks focus on specific areas of health such as cardiovascular health and stroke; diabetes,
obesity and nutrition; and, respiratory health to implement clinical best practices and ensure
consistent care across the province.

Performance Indicator 1.d
     Wait times for surgical procedures

            Surgery                             Prior Years’ Results                        2019-20
      (national benchmark)         2015-16    2016-17        2017-18       2018-19           Actual

      Hip replacement
                                    80.5%       80.2%         70.5%          68.5%            65.5%
     (benchmark 182 days)
      Knee replacement
                                    77.7%       75.2%         64.6%          65.0%            61.5%
     (benchmark 182 days)
      Cataract surgery
                                    60.6%       56.8%         53.3%          48.2%            45.1%
     (benchmark 112 days)
 Source: Alberta Health Services

This indicator tracks the percentage of selected common surgical procedures undertaken within
established national benchmarks. The results are based on the time (in days) within which people
had their surgical procedures performed in Alberta as planned. The wait time calculations do not
include persons who received emergency surgical care.

Results Analysis

The 2019-20 results for all three types of surgical procedure included in this indicator show a
decline, meaning that fewer Albertans are receiving the surgical procedure within national
benchmark wait times when compared to 2018-19 results. Shorter wait times are expected in the
future as the Alberta Surgical Initiative is implemented over the next three years. Alberta’s Surgery
Strategic Clinical Network is also implementing initiatives to improve access and decrease wait
times, reduce variation in clinical practice, and increase quality of surgical care provincially.

The following table provides results published by the Canadian Institute for Health Information. For
the reporting time period (April 1-September 30, 2018), more Albertans receive surgical procedures
within national benchmark wait times than those waiting for surgeries in a number of other
provinces. However, a higher proportion of people in comparator provinces of Ontario and Quebec




28                                                                        Health | Annual Report 2019–2020
"
Elective surgery within national wait benchmark,Knee,2015-16,fiscal year,77.7,percent of completed valid RTT cases,,higher is better,2019-20,False,Quality of Life Analysis/research/health/current/health-2019-2020.pdf,30,5b7a60a185afebb453e444bc500267a0b6c4e8b49e3da7e632cca5f568359a4f,table numeric row,"Historical source uses national182day hip/knee and112day cataract benchmarks, excluding emergency procedures.",Historical2019-20 publication vintage; do not silently splice into2024-25 vintage.2019-20 endpoint values are reproduced by2023-24 report but full revisions across2015-19 not audited.,"Results Analysis



While not all hospital admissions for ambulatory care sensitive conditions are avoidable, it is
assumed that appropriate ambulatory care could help prevent the onset of this type of illness or
condition, control an acute episodic illness or condition, or manage a chronic disease or condition.
Optimizing management of these health conditions in the community, including primary health care
settings, and support for people in managing their health conditions can contribute to both
improved patient outcomes and reduced health care costs.

The ministry continues to focus on increasing access to care in the community and developing a
coordinated approach across the continuum of care, to help people prevent and manage chronic
health conditions and diseases and improve their quality of life. The ministry is working
collaboratively with community partners to coordinate the planning and delivery of supports and
services across the province in all AHS health zones. In addition, Alberta’s Strategic Clinical
Networks focus on specific areas of health such as cardiovascular health and stroke; diabetes,
obesity and nutrition; and, respiratory health to implement clinical best practices and ensure
consistent care across the province.

Performance Indicator 1.d
     Wait times for surgical procedures

            Surgery                             Prior Years’ Results                        2019-20
      (national benchmark)         2015-16    2016-17        2017-18       2018-19           Actual

      Hip replacement
                                    80.5%       80.2%         70.5%          68.5%            65.5%
     (benchmark 182 days)
      Knee replacement
                                    77.7%       75.2%         64.6%          65.0%            61.5%
     (benchmark 182 days)
      Cataract surgery
                                    60.6%       56.8%         53.3%          48.2%            45.1%
     (benchmark 112 days)
 Source: Alberta Health Services

This indicator tracks the percentage of selected common surgical procedures undertaken within
established national benchmarks. The results are based on the time (in days) within which people
had their surgical procedures performed in Alberta as planned. The wait time calculations do not
include persons who received emergency surgical care.

Results Analysis

The 2019-20 results for all three types of surgical procedure included in this indicator show a
decline, meaning that fewer Albertans are receiving the surgical procedure within national
benchmark wait times when compared to 2018-19 results. Shorter wait times are expected in the
future as the Alberta Surgical Initiative is implemented over the next three years. Alberta’s Surgery
Strategic Clinical Network is also implementing initiatives to improve access and decrease wait
times, reduce variation in clinical practice, and increase quality of surgical care provincially.

The following table provides results published by the Canadian Institute for Health Information. For
the reporting time period (April 1-September 30, 2018), more Albertans receive surgical procedures
within national benchmark wait times than those waiting for surgeries in a number of other
provinces. However, a higher proportion of people in comparator provinces of Ontario and Quebec




28                                                                        Health | Annual Report 2019–2020
"
Elective surgery within national wait benchmark,Knee,2016-17,fiscal year,75.2,percent of completed valid RTT cases,,higher is better,2019-20,False,Quality of Life Analysis/research/health/current/health-2019-2020.pdf,30,5b7a60a185afebb453e444bc500267a0b6c4e8b49e3da7e632cca5f568359a4f,table numeric row,"Historical source uses national182day hip/knee and112day cataract benchmarks, excluding emergency procedures.",Historical2019-20 publication vintage; do not silently splice into2024-25 vintage.2019-20 endpoint values are reproduced by2023-24 report but full revisions across2015-19 not audited.,"Results Analysis



While not all hospital admissions for ambulatory care sensitive conditions are avoidable, it is
assumed that appropriate ambulatory care could help prevent the onset of this type of illness or
condition, control an acute episodic illness or condition, or manage a chronic disease or condition.
Optimizing management of these health conditions in the community, including primary health care
settings, and support for people in managing their health conditions can contribute to both
improved patient outcomes and reduced health care costs.

The ministry continues to focus on increasing access to care in the community and developing a
coordinated approach across the continuum of care, to help people prevent and manage chronic
health conditions and diseases and improve their quality of life. The ministry is working
collaboratively with community partners to coordinate the planning and delivery of supports and
services across the province in all AHS health zones. In addition, Alberta’s Strategic Clinical
Networks focus on specific areas of health such as cardiovascular health and stroke; diabetes,
obesity and nutrition; and, respiratory health to implement clinical best practices and ensure
consistent care across the province.

Performance Indicator 1.d
     Wait times for surgical procedures

            Surgery                             Prior Years’ Results                        2019-20
      (national benchmark)         2015-16    2016-17        2017-18       2018-19           Actual

      Hip replacement
                                    80.5%       80.2%         70.5%          68.5%            65.5%
     (benchmark 182 days)
      Knee replacement
                                    77.7%       75.2%         64.6%          65.0%            61.5%
     (benchmark 182 days)
      Cataract surgery
                                    60.6%       56.8%         53.3%          48.2%            45.1%
     (benchmark 112 days)
 Source: Alberta Health Services

This indicator tracks the percentage of selected common surgical procedures undertaken within
established national benchmarks. The results are based on the time (in days) within which people
had their surgical procedures performed in Alberta as planned. The wait time calculations do not
include persons who received emergency surgical care.

Results Analysis

The 2019-20 results for all three types of surgical procedure included in this indicator show a
decline, meaning that fewer Albertans are receiving the surgical procedure within national
benchmark wait times when compared to 2018-19 results. Shorter wait times are expected in the
future as the Alberta Surgical Initiative is implemented over the next three years. Alberta’s Surgery
Strategic Clinical Network is also implementing initiatives to improve access and decrease wait
times, reduce variation in clinical practice, and increase quality of surgical care provincially.

The following table provides results published by the Canadian Institute for Health Information. For
the reporting time period (April 1-September 30, 2018), more Albertans receive surgical procedures
within national benchmark wait times than those waiting for surgeries in a number of other
provinces. However, a higher proportion of people in comparator provinces of Ontario and Quebec




28                                                                        Health | Annual Report 2019–2020
"
Elective surgery within national wait benchmark,Knee,2017-18,fiscal year,64.6,percent of completed valid RTT cases,,higher is better,2019-20,False,Quality of Life Analysis/research/health/current/health-2019-2020.pdf,30,5b7a60a185afebb453e444bc500267a0b6c4e8b49e3da7e632cca5f568359a4f,table numeric row,"Historical source uses national182day hip/knee and112day cataract benchmarks, excluding emergency procedures.",Historical2019-20 publication vintage; do not silently splice into2024-25 vintage.2019-20 endpoint values are reproduced by2023-24 report but full revisions across2015-19 not audited.,"Results Analysis



While not all hospital admissions for ambulatory care sensitive conditions are avoidable, it is
assumed that appropriate ambulatory care could help prevent the onset of this type of illness or
condition, control an acute episodic illness or condition, or manage a chronic disease or condition.
Optimizing management of these health conditions in the community, including primary health care
settings, and support for people in managing their health conditions can contribute to both
improved patient outcomes and reduced health care costs.

The ministry continues to focus on increasing access to care in the community and developing a
coordinated approach across the continuum of care, to help people prevent and manage chronic
health conditions and diseases and improve their quality of life. The ministry is working
collaboratively with community partners to coordinate the planning and delivery of supports and
services across the province in all AHS health zones. In addition, Alberta’s Strategic Clinical
Networks focus on specific areas of health such as cardiovascular health and stroke; diabetes,
obesity and nutrition; and, respiratory health to implement clinical best practices and ensure
consistent care across the province.

Performance Indicator 1.d
     Wait times for surgical procedures

            Surgery                             Prior Years’ Results                        2019-20
      (national benchmark)         2015-16    2016-17        2017-18       2018-19           Actual

      Hip replacement
                                    80.5%       80.2%         70.5%          68.5%            65.5%
     (benchmark 182 days)
      Knee replacement
                                    77.7%       75.2%         64.6%          65.0%            61.5%
     (benchmark 182 days)
      Cataract surgery
                                    60.6%       56.8%         53.3%          48.2%            45.1%
     (benchmark 112 days)
 Source: Alberta Health Services

This indicator tracks the percentage of selected common surgical procedures undertaken within
established national benchmarks. The results are based on the time (in days) within which people
had their surgical procedures performed in Alberta as planned. The wait time calculations do not
include persons who received emergency surgical care.

Results Analysis

The 2019-20 results for all three types of surgical procedure included in this indicator show a
decline, meaning that fewer Albertans are receiving the surgical procedure within national
benchmark wait times when compared to 2018-19 results. Shorter wait times are expected in the
future as the Alberta Surgical Initiative is implemented over the next three years. Alberta’s Surgery
Strategic Clinical Network is also implementing initiatives to improve access and decrease wait
times, reduce variation in clinical practice, and increase quality of surgical care provincially.

The following table provides results published by the Canadian Institute for Health Information. For
the reporting time period (April 1-September 30, 2018), more Albertans receive surgical procedures
within national benchmark wait times than those waiting for surgeries in a number of other
provinces. However, a higher proportion of people in comparator provinces of Ontario and Quebec




28                                                                        Health | Annual Report 2019–2020
"
Elective surgery within national wait benchmark,Knee,2018-19,fiscal year,65.0,percent of completed valid RTT cases,,higher is better,2019-20,False,Quality of Life Analysis/research/health/current/health-2019-2020.pdf,30,5b7a60a185afebb453e444bc500267a0b6c4e8b49e3da7e632cca5f568359a4f,table numeric row,"Historical source uses national182day hip/knee and112day cataract benchmarks, excluding emergency procedures.",Historical2019-20 publication vintage; do not silently splice into2024-25 vintage.2019-20 endpoint values are reproduced by2023-24 report but full revisions across2015-19 not audited.,"Results Analysis



While not all hospital admissions for ambulatory care sensitive conditions are avoidable, it is
assumed that appropriate ambulatory care could help prevent the onset of this type of illness or
condition, control an acute episodic illness or condition, or manage a chronic disease or condition.
Optimizing management of these health conditions in the community, including primary health care
settings, and support for people in managing their health conditions can contribute to both
improved patient outcomes and reduced health care costs.

The ministry continues to focus on increasing access to care in the community and developing a
coordinated approach across the continuum of care, to help people prevent and manage chronic
health conditions and diseases and improve their quality of life. The ministry is working
collaboratively with community partners to coordinate the planning and delivery of supports and
services across the province in all AHS health zones. In addition, Alberta’s Strategic Clinical
Networks focus on specific areas of health such as cardiovascular health and stroke; diabetes,
obesity and nutrition; and, respiratory health to implement clinical best practices and ensure
consistent care across the province.

Performance Indicator 1.d
     Wait times for surgical procedures

            Surgery                             Prior Years’ Results                        2019-20
      (national benchmark)         2015-16    2016-17        2017-18       2018-19           Actual

      Hip replacement
                                    80.5%       80.2%         70.5%          68.5%            65.5%
     (benchmark 182 days)
      Knee replacement
                                    77.7%       75.2%         64.6%          65.0%            61.5%
     (benchmark 182 days)
      Cataract surgery
                                    60.6%       56.8%         53.3%          48.2%            45.1%
     (benchmark 112 days)
 Source: Alberta Health Services

This indicator tracks the percentage of selected common surgical procedures undertaken within
established national benchmarks. The results are based on the time (in days) within which people
had their surgical procedures performed in Alberta as planned. The wait time calculations do not
include persons who received emergency surgical care.

Results Analysis

The 2019-20 results for all three types of surgical procedure included in this indicator show a
decline, meaning that fewer Albertans are receiving the surgical procedure within national
benchmark wait times when compared to 2018-19 results. Shorter wait times are expected in the
future as the Alberta Surgical Initiative is implemented over the next three years. Alberta’s Surgery
Strategic Clinical Network is also implementing initiatives to improve access and decrease wait
times, reduce variation in clinical practice, and increase quality of surgical care provincially.

The following table provides results published by the Canadian Institute for Health Information. For
the reporting time period (April 1-September 30, 2018), more Albertans receive surgical procedures
within national benchmark wait times than those waiting for surgeries in a number of other
provinces. However, a higher proportion of people in comparator provinces of Ontario and Quebec




28                                                                        Health | Annual Report 2019–2020
"
Elective surgery within national wait benchmark,Knee,2019-20,fiscal year,61.5,percent of completed valid RTT cases,,higher is better,2019-20,False,Quality of Life Analysis/research/health/current/health-2019-2020.pdf,30,5b7a60a185afebb453e444bc500267a0b6c4e8b49e3da7e632cca5f568359a4f,table numeric row,"Historical source uses national182day hip/knee and112day cataract benchmarks, excluding emergency procedures.",Historical2019-20 publication vintage; do not silently splice into2024-25 vintage.2019-20 endpoint values are reproduced by2023-24 report but full revisions across2015-19 not audited.,"Results Analysis



While not all hospital admissions for ambulatory care sensitive conditions are avoidable, it is
assumed that appropriate ambulatory care could help prevent the onset of this type of illness or
condition, control an acute episodic illness or condition, or manage a chronic disease or condition.
Optimizing management of these health conditions in the community, including primary health care
settings, and support for people in managing their health conditions can contribute to both
improved patient outcomes and reduced health care costs.

The ministry continues to focus on increasing access to care in the community and developing a
coordinated approach across the continuum of care, to help people prevent and manage chronic
health conditions and diseases and improve their quality of life. The ministry is working
collaboratively with community partners to coordinate the planning and delivery of supports and
services across the province in all AHS health zones. In addition, Alberta’s Strategic Clinical
Networks focus on specific areas of health such as cardiovascular health and stroke; diabetes,
obesity and nutrition; and, respiratory health to implement clinical best practices and ensure
consistent care across the province.

Performance Indicator 1.d
     Wait times for surgical procedures

            Surgery                             Prior Years’ Results                        2019-20
      (national benchmark)         2015-16    2016-17        2017-18       2018-19           Actual

      Hip replacement
                                    80.5%       80.2%         70.5%          68.5%            65.5%
     (benchmark 182 days)
      Knee replacement
                                    77.7%       75.2%         64.6%          65.0%            61.5%
     (benchmark 182 days)
      Cataract surgery
                                    60.6%       56.8%         53.3%          48.2%            45.1%
     (benchmark 112 days)
 Source: Alberta Health Services

This indicator tracks the percentage of selected common surgical procedures undertaken within
established national benchmarks. The results are based on the time (in days) within which people
had their surgical procedures performed in Alberta as planned. The wait time calculations do not
include persons who received emergency surgical care.

Results Analysis

The 2019-20 results for all three types of surgical procedure included in this indicator show a
decline, meaning that fewer Albertans are receiving the surgical procedure within national
benchmark wait times when compared to 2018-19 results. Shorter wait times are expected in the
future as the Alberta Surgical Initiative is implemented over the next three years. Alberta’s Surgery
Strategic Clinical Network is also implementing initiatives to improve access and decrease wait
times, reduce variation in clinical practice, and increase quality of surgical care provincially.

The following table provides results published by the Canadian Institute for Health Information. For
the reporting time period (April 1-September 30, 2018), more Albertans receive surgical procedures
within national benchmark wait times than those waiting for surgeries in a number of other
provinces. However, a higher proportion of people in comparator provinces of Ontario and Quebec




28                                                                        Health | Annual Report 2019–2020
"
Elective surgery within national wait benchmark,Cataract,2015-16,fiscal year,60.6,percent of completed valid RTT cases,,higher is better,2019-20,False,Quality of Life Analysis/research/health/current/health-2019-2020.pdf,30,5b7a60a185afebb453e444bc500267a0b6c4e8b49e3da7e632cca5f568359a4f,table numeric row,"Historical source uses national182day hip/knee and112day cataract benchmarks, excluding emergency procedures.",Historical2019-20 publication vintage; do not silently splice into2024-25 vintage.2019-20 endpoint values are reproduced by2023-24 report but full revisions across2015-19 not audited.,"Results Analysis



While not all hospital admissions for ambulatory care sensitive conditions are avoidable, it is
assumed that appropriate ambulatory care could help prevent the onset of this type of illness or
condition, control an acute episodic illness or condition, or manage a chronic disease or condition.
Optimizing management of these health conditions in the community, including primary health care
settings, and support for people in managing their health conditions can contribute to both
improved patient outcomes and reduced health care costs.

The ministry continues to focus on increasing access to care in the community and developing a
coordinated approach across the continuum of care, to help people prevent and manage chronic
health conditions and diseases and improve their quality of life. The ministry is working
collaboratively with community partners to coordinate the planning and delivery of supports and
services across the province in all AHS health zones. In addition, Alberta’s Strategic Clinical
Networks focus on specific areas of health such as cardiovascular health and stroke; diabetes,
obesity and nutrition; and, respiratory health to implement clinical best practices and ensure
consistent care across the province.

Performance Indicator 1.d
     Wait times for surgical procedures

            Surgery                             Prior Years’ Results                        2019-20
      (national benchmark)         2015-16    2016-17        2017-18       2018-19           Actual

      Hip replacement
                                    80.5%       80.2%         70.5%          68.5%            65.5%
     (benchmark 182 days)
      Knee replacement
                                    77.7%       75.2%         64.6%          65.0%            61.5%
     (benchmark 182 days)
      Cataract surgery
                                    60.6%       56.8%         53.3%          48.2%            45.1%
     (benchmark 112 days)
 Source: Alberta Health Services

This indicator tracks the percentage of selected common surgical procedures undertaken within
established national benchmarks. The results are based on the time (in days) within which people
had their surgical procedures performed in Alberta as planned. The wait time calculations do not
include persons who received emergency surgical care.

Results Analysis

The 2019-20 results for all three types of surgical procedure included in this indicator show a
decline, meaning that fewer Albertans are receiving the surgical procedure within national
benchmark wait times when compared to 2018-19 results. Shorter wait times are expected in the
future as the Alberta Surgical Initiative is implemented over the next three years. Alberta’s Surgery
Strategic Clinical Network is also implementing initiatives to improve access and decrease wait
times, reduce variation in clinical practice, and increase quality of surgical care provincially.

The following table provides results published by the Canadian Institute for Health Information. For
the reporting time period (April 1-September 30, 2018), more Albertans receive surgical procedures
within national benchmark wait times than those waiting for surgeries in a number of other
provinces. However, a higher proportion of people in comparator provinces of Ontario and Quebec




28                                                                        Health | Annual Report 2019–2020
"
Elective surgery within national wait benchmark,Cataract,2016-17,fiscal year,56.8,percent of completed valid RTT cases,,higher is better,2019-20,False,Quality of Life Analysis/research/health/current/health-2019-2020.pdf,30,5b7a60a185afebb453e444bc500267a0b6c4e8b49e3da7e632cca5f568359a4f,table numeric row,"Historical source uses national182day hip/knee and112day cataract benchmarks, excluding emergency procedures.",Historical2019-20 publication vintage; do not silently splice into2024-25 vintage.2019-20 endpoint values are reproduced by2023-24 report but full revisions across2015-19 not audited.,"Results Analysis



While not all hospital admissions for ambulatory care sensitive conditions are avoidable, it is
assumed that appropriate ambulatory care could help prevent the onset of this type of illness or
condition, control an acute episodic illness or condition, or manage a chronic disease or condition.
Optimizing management of these health conditions in the community, including primary health care
settings, and support for people in managing their health conditions can contribute to both
improved patient outcomes and reduced health care costs.

The ministry continues to focus on increasing access to care in the community and developing a
coordinated approach across the continuum of care, to help people prevent and manage chronic
health conditions and diseases and improve their quality of life. The ministry is working
collaboratively with community partners to coordinate the planning and delivery of supports and
services across the province in all AHS health zones. In addition, Alberta’s Strategic Clinical
Networks focus on specific areas of health such as cardiovascular health and stroke; diabetes,
obesity and nutrition; and, respiratory health to implement clinical best practices and ensure
consistent care across the province.

Performance Indicator 1.d
     Wait times for surgical procedures

            Surgery                             Prior Years’ Results                        2019-20
      (national benchmark)         2015-16    2016-17        2017-18       2018-19           Actual

      Hip replacement
                                    80.5%       80.2%         70.5%          68.5%            65.5%
     (benchmark 182 days)
      Knee replacement
                                    77.7%       75.2%         64.6%          65.0%            61.5%
     (benchmark 182 days)
      Cataract surgery
                                    60.6%       56.8%         53.3%          48.2%            45.1%
     (benchmark 112 days)
 Source: Alberta Health Services

This indicator tracks the percentage of selected common surgical procedures undertaken within
established national benchmarks. The results are based on the time (in days) within which people
had their surgical procedures performed in Alberta as planned. The wait time calculations do not
include persons who received emergency surgical care.

Results Analysis

The 2019-20 results for all three types of surgical procedure included in this indicator show a
decline, meaning that fewer Albertans are receiving the surgical procedure within national
benchmark wait times when compared to 2018-19 results. Shorter wait times are expected in the
future as the Alberta Surgical Initiative is implemented over the next three years. Alberta’s Surgery
Strategic Clinical Network is also implementing initiatives to improve access and decrease wait
times, reduce variation in clinical practice, and increase quality of surgical care provincially.

The following table provides results published by the Canadian Institute for Health Information. For
the reporting time period (April 1-September 30, 2018), more Albertans receive surgical procedures
within national benchmark wait times than those waiting for surgeries in a number of other
provinces. However, a higher proportion of people in comparator provinces of Ontario and Quebec




28                                                                        Health | Annual Report 2019–2020
"
Elective surgery within national wait benchmark,Cataract,2017-18,fiscal year,53.3,percent of completed valid RTT cases,,higher is better,2019-20,False,Quality of Life Analysis/research/health/current/health-2019-2020.pdf,30,5b7a60a185afebb453e444bc500267a0b6c4e8b49e3da7e632cca5f568359a4f,table numeric row,"Historical source uses national182day hip/knee and112day cataract benchmarks, excluding emergency procedures.",Historical2019-20 publication vintage; do not silently splice into2024-25 vintage.2019-20 endpoint values are reproduced by2023-24 report but full revisions across2015-19 not audited.,"Results Analysis



While not all hospital admissions for ambulatory care sensitive conditions are avoidable, it is
assumed that appropriate ambulatory care could help prevent the onset of this type of illness or
condition, control an acute episodic illness or condition, or manage a chronic disease or condition.
Optimizing management of these health conditions in the community, including primary health care
settings, and support for people in managing their health conditions can contribute to both
improved patient outcomes and reduced health care costs.

The ministry continues to focus on increasing access to care in the community and developing a
coordinated approach across the continuum of care, to help people prevent and manage chronic
health conditions and diseases and improve their quality of life. The ministry is working
collaboratively with community partners to coordinate the planning and delivery of supports and
services across the province in all AHS health zones. In addition, Alberta’s Strategic Clinical
Networks focus on specific areas of health such as cardiovascular health and stroke; diabetes,
obesity and nutrition; and, respiratory health to implement clinical best practices and ensure
consistent care across the province.

Performance Indicator 1.d
     Wait times for surgical procedures

            Surgery                             Prior Years’ Results                        2019-20
      (national benchmark)         2015-16    2016-17        2017-18       2018-19           Actual

      Hip replacement
                                    80.5%       80.2%         70.5%          68.5%            65.5%
     (benchmark 182 days)
      Knee replacement
                                    77.7%       75.2%         64.6%          65.0%            61.5%
     (benchmark 182 days)
      Cataract surgery
                                    60.6%       56.8%         53.3%          48.2%            45.1%
     (benchmark 112 days)
 Source: Alberta Health Services

This indicator tracks the percentage of selected common surgical procedures undertaken within
established national benchmarks. The results are based on the time (in days) within which people
had their surgical procedures performed in Alberta as planned. The wait time calculations do not
include persons who received emergency surgical care.

Results Analysis

The 2019-20 results for all three types of surgical procedure included in this indicator show a
decline, meaning that fewer Albertans are receiving the surgical procedure within national
benchmark wait times when compared to 2018-19 results. Shorter wait times are expected in the
future as the Alberta Surgical Initiative is implemented over the next three years. Alberta’s Surgery
Strategic Clinical Network is also implementing initiatives to improve access and decrease wait
times, reduce variation in clinical practice, and increase quality of surgical care provincially.

The following table provides results published by the Canadian Institute for Health Information. For
the reporting time period (April 1-September 30, 2018), more Albertans receive surgical procedures
within national benchmark wait times than those waiting for surgeries in a number of other
provinces. However, a higher proportion of people in comparator provinces of Ontario and Quebec




28                                                                        Health | Annual Report 2019–2020
"
Elective surgery within national wait benchmark,Cataract,2018-19,fiscal year,48.2,percent of completed valid RTT cases,,higher is better,2019-20,False,Quality of Life Analysis/research/health/current/health-2019-2020.pdf,30,5b7a60a185afebb453e444bc500267a0b6c4e8b49e3da7e632cca5f568359a4f,table numeric row,"Historical source uses national182day hip/knee and112day cataract benchmarks, excluding emergency procedures.",Historical2019-20 publication vintage; do not silently splice into2024-25 vintage.2019-20 endpoint values are reproduced by2023-24 report but full revisions across2015-19 not audited.,"Results Analysis



While not all hospital admissions for ambulatory care sensitive conditions are avoidable, it is
assumed that appropriate ambulatory care could help prevent the onset of this type of illness or
condition, control an acute episodic illness or condition, or manage a chronic disease or condition.
Optimizing management of these health conditions in the community, including primary health care
settings, and support for people in managing their health conditions can contribute to both
improved patient outcomes and reduced health care costs.

The ministry continues to focus on increasing access to care in the community and developing a
coordinated approach across the continuum of care, to help people prevent and manage chronic
health conditions and diseases and improve their quality of life. The ministry is working
collaboratively with community partners to coordinate the planning and delivery of supports and
services across the province in all AHS health zones. In addition, Alberta’s Strategic Clinical
Networks focus on specific areas of health such as cardiovascular health and stroke; diabetes,
obesity and nutrition; and, respiratory health to implement clinical best practices and ensure
consistent care across the province.

Performance Indicator 1.d
     Wait times for surgical procedures

            Surgery                             Prior Years’ Results                        2019-20
      (national benchmark)         2015-16    2016-17        2017-18       2018-19           Actual

      Hip replacement
                                    80.5%       80.2%         70.5%          68.5%            65.5%
     (benchmark 182 days)
      Knee replacement
                                    77.7%       75.2%         64.6%          65.0%            61.5%
     (benchmark 182 days)
      Cataract surgery
                                    60.6%       56.8%         53.3%          48.2%            45.1%
     (benchmark 112 days)
 Source: Alberta Health Services

This indicator tracks the percentage of selected common surgical procedures undertaken within
established national benchmarks. The results are based on the time (in days) within which people
had their surgical procedures performed in Alberta as planned. The wait time calculations do not
include persons who received emergency surgical care.

Results Analysis

The 2019-20 results for all three types of surgical procedure included in this indicator show a
decline, meaning that fewer Albertans are receiving the surgical procedure within national
benchmark wait times when compared to 2018-19 results. Shorter wait times are expected in the
future as the Alberta Surgical Initiative is implemented over the next three years. Alberta’s Surgery
Strategic Clinical Network is also implementing initiatives to improve access and decrease wait
times, reduce variation in clinical practice, and increase quality of surgical care provincially.

The following table provides results published by the Canadian Institute for Health Information. For
the reporting time period (April 1-September 30, 2018), more Albertans receive surgical procedures
within national benchmark wait times than those waiting for surgeries in a number of other
provinces. However, a higher proportion of people in comparator provinces of Ontario and Quebec




28                                                                        Health | Annual Report 2019–2020
"
Elective surgery within national wait benchmark,Cataract,2019-20,fiscal year,45.1,percent of completed valid RTT cases,,higher is better,2019-20,False,Quality of Life Analysis/research/health/current/health-2019-2020.pdf,30,5b7a60a185afebb453e444bc500267a0b6c4e8b49e3da7e632cca5f568359a4f,table numeric row,"Historical source uses national182day hip/knee and112day cataract benchmarks, excluding emergency procedures.",Historical2019-20 publication vintage; do not silently splice into2024-25 vintage.2019-20 endpoint values are reproduced by2023-24 report but full revisions across2015-19 not audited.,"Results Analysis



While not all hospital admissions for ambulatory care sensitive conditions are avoidable, it is
assumed that appropriate ambulatory care could help prevent the onset of this type of illness or
condition, control an acute episodic illness or condition, or manage a chronic disease or condition.
Optimizing management of these health conditions in the community, including primary health care
settings, and support for people in managing their health conditions can contribute to both
improved patient outcomes and reduced health care costs.

The ministry continues to focus on increasing access to care in the community and developing a
coordinated approach across the continuum of care, to help people prevent and manage chronic
health conditions and diseases and improve their quality of life. The ministry is working
collaboratively with community partners to coordinate the planning and delivery of supports and
services across the province in all AHS health zones. In addition, Alberta’s Strategic Clinical
Networks focus on specific areas of health such as cardiovascular health and stroke; diabetes,
obesity and nutrition; and, respiratory health to implement clinical best practices and ensure
consistent care across the province.

Performance Indicator 1.d
     Wait times for surgical procedures

            Surgery                             Prior Years’ Results                        2019-20
      (national benchmark)         2015-16    2016-17        2017-18       2018-19           Actual

      Hip replacement
                                    80.5%       80.2%         70.5%          68.5%            65.5%
     (benchmark 182 days)
      Knee replacement
                                    77.7%       75.2%         64.6%          65.0%            61.5%
     (benchmark 182 days)
      Cataract surgery
                                    60.6%       56.8%         53.3%          48.2%            45.1%
     (benchmark 112 days)
 Source: Alberta Health Services

This indicator tracks the percentage of selected common surgical procedures undertaken within
established national benchmarks. The results are based on the time (in days) within which people
had their surgical procedures performed in Alberta as planned. The wait time calculations do not
include persons who received emergency surgical care.

Results Analysis

The 2019-20 results for all three types of surgical procedure included in this indicator show a
decline, meaning that fewer Albertans are receiving the surgical procedure within national
benchmark wait times when compared to 2018-19 results. Shorter wait times are expected in the
future as the Alberta Surgical Initiative is implemented over the next three years. Alberta’s Surgery
Strategic Clinical Network is also implementing initiatives to improve access and decrease wait
times, reduce variation in clinical practice, and increase quality of surgical care provincially.

The following table provides results published by the Canadian Institute for Health Information. For
the reporting time period (April 1-September 30, 2018), more Albertans receive surgical procedures
within national benchmark wait times than those waiting for surgeries in a number of other
provinces. However, a higher proportion of people in comparator provinces of Ontario and Quebec




28                                                                        Health | Annual Report 2019–2020
"
Satisfaction with health services personally received,eligible Alberta survey respondents,2011-12,fiscal year,62,percent satisfied or very satisfied,65,higher is better,2011-12,True,Budget PDFs/2011-2012 Budget.pdf,93,5e6114d1e08e482872cae974e1a9fdddc1b50277d463cc8548f6e6218a1e0317,table numeric row,Telephone survey of personal health services received in prior year; excludes those without such experience.,"Survey estimates and perception, with changing samples; not hospital outcomes or current quality.2014-15 question sample1361 and stated±2.5pp; no retrieved2015+ series.","Satisfaction with Health Care Services Received (see note 7)
      Percentage of Albertans satisfied or very satisfied with health                     65%                   67%                   62%
      care services personally received in Alberta within the past year.                                      (2010-11)             (2011-12)
    "
Satisfaction with health services personally received,eligible Alberta survey respondents,2012-13,fiscal year,63,percent satisfied or very satisfied,68,higher is better,2012-13,True,Budget PDFs/2012-2013 Budget.pdf,118,5ac7387edaaf82431130b893ab7d24262842bf3849282841e114661553a60833,table numeric row,Telephone survey of personal health services received in prior year; excludes those without such experience.,"Survey estimates and perception, with changing samples; not hospital outcomes or current quality.2014-15 question sample1361 and stated±2.5pp; no retrieved2015+ series.","Satisfaction with Health Care Services Received (see note 13)

      Percentage of Albertans satisfied or very satisfied with health care             62%             68%          63%
      services personally received in Alberta within the past year.                 (2011–12)                    (2012-13)


  "
Satisfaction with health services personally received,eligible Alberta survey respondents,2013-14,fiscal year,66,percent satisfied or very satisfied,65,higher is better,2013-14,True,Budget PDFs/2013-2014 Annual Report.pdf,135,6debfceda74ae6251359eb05940a95365475998644c62258555ed69c3fe6cb6a,table numeric row,Telephone survey of personal health services received in prior year; excludes those without such experience.,"Survey estimates and perception, with changing samples; not hospital outcomes or current quality.2014-15 question sample1361 and stated±2.5pp; no retrieved2015+ series.","Satisfaction with Health Care Services Received
  (see note 11 in the Sources and Notes section on page 133)

     Percentage of Albertans satisfied or very satisfied with health care                       63%                65%               66%
     services personally received in Alberta within the last year                            (2012–13)                            (2013 –14)

  Goal Three Performance Measures (unaudited)

  Access to "
Satisfaction with health services personally received,eligible Alberta survey respondents,2014-15,fiscal year,68,percent satisfied or very satisfied,70,higher is better,2014-15,True,Budget PDFs/2014-2015 Annual Report.pdf,119,da2bfb045ca435684861f6a8454031ac93673cf5ba5c0d9fdde0509f03934e3d,table numeric row,Telephone survey of personal health services received in prior year; excludes those without such experience.,"Survey estimates and perception, with changing samples; not hospital outcomes or current quality.2014-15 question sample1361 and stated±2.5pp; no retrieved2015+ series.","Satisfaction with Health Care Services Received
(see note 10 in the Sources and Notes section on page 122)
Percentage of Albertans satisfied or very satisfied with health care                    66%               70%              68%
services personally received in Alberta within the last year                         (2013–14)                          (2014–15)


Goal Three Performance Measures (unaudited)

"
Life expectancy at birth,First Nations,2013,calendar year,71.9,years,,higher is better,2017-18,True,Budget PDFs/2017 Budget.pdf,131,c5cbb7327d8625867422eca99544a7e2d0da421eaedd185952c13abd1fec3f73,graph values transcribed and visually audited,Period life-table based on age-sex-specific mortality; excludes specified non-AHCIP populations.,Small FirstNations numbers cause annual fluctuations; length oflife not quality; do not join differently revised2018-19 Health series.,"amed: 17-18_MUP_o3-i4_leab.pdf                                                                              2017-18 GoA Annual Report
                  Outcome 3                                                                             Performance            Indicator 4
                                                                                                            Outcome 3 – Indicator 4



                  Life Expectancy at Birth (Provincial; First Nations; Non-First Nations)

                  Life Expectancy at Birth (First Nations; Non-First Nations)




                                                                                                 82.3
                                                               82.2




                                                                              82.2




                                                                                                                    82.2
                                        82.1

                       100
                                 71.9




                                                       70.9




                                                                                          70.9




                                                                                                             70.7
                                                                       69.9
                           80
                   Years




                           60
                           40
                           20
                           0
                                   2013                  2014            2015               2016               2017
                                               First Nations                  Non-First Nations

                  Source: Alberta Health Care Insurance Plan; Alberta Health Postal Code Translator File; Alberta Vital
                  Statistics Death File;
                  Source: Alberta  HealthFirst Nations
                                            Care       Status
                                                 Insurance    Registry
                                                            Plan; Alberta Health Postal Code Translation File; Alberta Vial S
                  For additional sources and notes see page 150


                  Discussion
                  This indicator compares the life expectancy of First Nations people to that of non-First
                  Nations people in the province.
                  In 2017, the gap in life expectancy between First Nations and non-First Nations
                  populations in Alberta was 11.5 years. Life expectancy among First Nations in Alberta
                  is based on relatively small numbers that result in annual fluctuations, making trends
                  over a short period of time difficult to interpret. Life expectancy only takes into
                  account the length of life and not quality of life. This data clearly shows that more
                  needs to be done to address health disparities for Indigenous peoples.
                  Globally, life expectancy at birth may be impacted by a host of factors that include
                  access to and quality of health care. In countries such as Canada, however, it is thought
                  that differences in life expectancy are primarily driven by the social determinants of
                  health. These include factors such as income, housing, education, and employment
                  conditions. Importantly, for First Nations people, life expectancy may be influenced
                  by a complex colonial history that includes intergenerational trauma from residential
                  schools, higher rates of poverty, and systemic racism.
                  Government is working to address health service improvements and health priorities
                  to improve health outcomes for Indigenous Albertans by collaborating with the
                  province’s regional Indigenous organizations, Alberta Health Services, Indigenous
                  Services Canada, and other partners.




                  MEASURING UP                                                                                                            129
usFunctions\SMP\BP-ZTOPICS\Measuring Up\2017-18\Excel Files\
ome Three.xlsx/ Life Expectancy_o3-i4                                                                   Last printed: 6/21/2018/4:42 PM
"
Life expectancy at birth,First Nations,2014,calendar year,70.9,years,,higher is better,2017-18,True,Budget PDFs/2017 Budget.pdf,131,c5cbb7327d8625867422eca99544a7e2d0da421eaedd185952c13abd1fec3f73,graph values transcribed and visually audited,Period life-table based on age-sex-specific mortality; excludes specified non-AHCIP populations.,Small FirstNations numbers cause annual fluctuations; length oflife not quality; do not join differently revised2018-19 Health series.,"amed: 17-18_MUP_o3-i4_leab.pdf                                                                              2017-18 GoA Annual Report
                  Outcome 3                                                                             Performance            Indicator 4
                                                                                                            Outcome 3 – Indicator 4



                  Life Expectancy at Birth (Provincial; First Nations; Non-First Nations)

                  Life Expectancy at Birth (First Nations; Non-First Nations)




                                                                                                 82.3
                                                               82.2




                                                                              82.2




                                                                                                                    82.2
                                        82.1

                       100
                                 71.9




                                                       70.9




                                                                                          70.9




                                                                                                             70.7
                                                                       69.9
                           80
                   Years




                           60
                           40
                           20
                           0
                                   2013                  2014            2015               2016               2017
                                               First Nations                  Non-First Nations

                  Source: Alberta Health Care Insurance Plan; Alberta Health Postal Code Translator File; Alberta Vital
                  Statistics Death File;
                  Source: Alberta  HealthFirst Nations
                                            Care       Status
                                                 Insurance    Registry
                                                            Plan; Alberta Health Postal Code Translation File; Alberta Vial S
                  For additional sources and notes see page 150


                  Discussion
                  This indicator compares the life expectancy of First Nations people to that of non-First
                  Nations people in the province.
                  In 2017, the gap in life expectancy between First Nations and non-First Nations
                  populations in Alberta was 11.5 years. Life expectancy among First Nations in Alberta
                  is based on relatively small numbers that result in annual fluctuations, making trends
                  over a short period of time difficult to interpret. Life expectancy only takes into
                  account the length of life and not quality of life. This data clearly shows that more
                  needs to be done to address health disparities for Indigenous peoples.
                  Globally, life expectancy at birth may be impacted by a host of factors that include
                  access to and quality of health care. In countries such as Canada, however, it is thought
                  that differences in life expectancy are primarily driven by the social determinants of
                  health. These include factors such as income, housing, education, and employment
                  conditions. Importantly, for First Nations people, life expectancy may be influenced
                  by a complex colonial history that includes intergenerational trauma from residential
                  schools, higher rates of poverty, and systemic racism.
                  Government is working to address health service improvements and health priorities
                  to improve health outcomes for Indigenous Albertans by collaborating with the
                  province’s regional Indigenous organizations, Alberta Health Services, Indigenous
                  Services Canada, and other partners.




                  MEASURING UP                                                                                                            129
usFunctions\SMP\BP-ZTOPICS\Measuring Up\2017-18\Excel Files\
ome Three.xlsx/ Life Expectancy_o3-i4                                                                   Last printed: 6/21/2018/4:42 PM
"
Life expectancy at birth,First Nations,2015,calendar year,69.9,years,,higher is better,2017-18,True,Budget PDFs/2017 Budget.pdf,131,c5cbb7327d8625867422eca99544a7e2d0da421eaedd185952c13abd1fec3f73,graph values transcribed and visually audited,Period life-table based on age-sex-specific mortality; excludes specified non-AHCIP populations.,Small FirstNations numbers cause annual fluctuations; length oflife not quality; do not join differently revised2018-19 Health series.,"amed: 17-18_MUP_o3-i4_leab.pdf                                                                              2017-18 GoA Annual Report
                  Outcome 3                                                                             Performance            Indicator 4
                                                                                                            Outcome 3 – Indicator 4



                  Life Expectancy at Birth (Provincial; First Nations; Non-First Nations)

                  Life Expectancy at Birth (First Nations; Non-First Nations)




                                                                                                 82.3
                                                               82.2




                                                                              82.2




                                                                                                                    82.2
                                        82.1

                       100
                                 71.9




                                                       70.9




                                                                                          70.9




                                                                                                             70.7
                                                                       69.9
                           80
                   Years




                           60
                           40
                           20
                           0
                                   2013                  2014            2015               2016               2017
                                               First Nations                  Non-First Nations

                  Source: Alberta Health Care Insurance Plan; Alberta Health Postal Code Translator File; Alberta Vital
                  Statistics Death File;
                  Source: Alberta  HealthFirst Nations
                                            Care       Status
                                                 Insurance    Registry
                                                            Plan; Alberta Health Postal Code Translation File; Alberta Vial S
                  For additional sources and notes see page 150


                  Discussion
                  This indicator compares the life expectancy of First Nations people to that of non-First
                  Nations people in the province.
                  In 2017, the gap in life expectancy between First Nations and non-First Nations
                  populations in Alberta was 11.5 years. Life expectancy among First Nations in Alberta
                  is based on relatively small numbers that result in annual fluctuations, making trends
                  over a short period of time difficult to interpret. Life expectancy only takes into
                  account the length of life and not quality of life. This data clearly shows that more
                  needs to be done to address health disparities for Indigenous peoples.
                  Globally, life expectancy at birth may be impacted by a host of factors that include
                  access to and quality of health care. In countries such as Canada, however, it is thought
                  that differences in life expectancy are primarily driven by the social determinants of
                  health. These include factors such as income, housing, education, and employment
                  conditions. Importantly, for First Nations people, life expectancy may be influenced
                  by a complex colonial history that includes intergenerational trauma from residential
                  schools, higher rates of poverty, and systemic racism.
                  Government is working to address health service improvements and health priorities
                  to improve health outcomes for Indigenous Albertans by collaborating with the
                  province’s regional Indigenous organizations, Alberta Health Services, Indigenous
                  Services Canada, and other partners.




                  MEASURING UP                                                                                                            129
usFunctions\SMP\BP-ZTOPICS\Measuring Up\2017-18\Excel Files\
ome Three.xlsx/ Life Expectancy_o3-i4                                                                   Last printed: 6/21/2018/4:42 PM
"
Life expectancy at birth,First Nations,2016,calendar year,70.9,years,,higher is better,2017-18,True,Budget PDFs/2017 Budget.pdf,131,c5cbb7327d8625867422eca99544a7e2d0da421eaedd185952c13abd1fec3f73,graph values transcribed and visually audited,Period life-table based on age-sex-specific mortality; excludes specified non-AHCIP populations.,Small FirstNations numbers cause annual fluctuations; length oflife not quality; do not join differently revised2018-19 Health series.,"amed: 17-18_MUP_o3-i4_leab.pdf                                                                              2017-18 GoA Annual Report
                  Outcome 3                                                                             Performance            Indicator 4
                                                                                                            Outcome 3 – Indicator 4



                  Life Expectancy at Birth (Provincial; First Nations; Non-First Nations)

                  Life Expectancy at Birth (First Nations; Non-First Nations)




                                                                                                 82.3
                                                               82.2




                                                                              82.2




                                                                                                                    82.2
                                        82.1

                       100
                                 71.9




                                                       70.9




                                                                                          70.9




                                                                                                             70.7
                                                                       69.9
                           80
                   Years




                           60
                           40
                           20
                           0
                                   2013                  2014            2015               2016               2017
                                               First Nations                  Non-First Nations

                  Source: Alberta Health Care Insurance Plan; Alberta Health Postal Code Translator File; Alberta Vital
                  Statistics Death File;
                  Source: Alberta  HealthFirst Nations
                                            Care       Status
                                                 Insurance    Registry
                                                            Plan; Alberta Health Postal Code Translation File; Alberta Vial S
                  For additional sources and notes see page 150


                  Discussion
                  This indicator compares the life expectancy of First Nations people to that of non-First
                  Nations people in the province.
                  In 2017, the gap in life expectancy between First Nations and non-First Nations
                  populations in Alberta was 11.5 years. Life expectancy among First Nations in Alberta
                  is based on relatively small numbers that result in annual fluctuations, making trends
                  over a short period of time difficult to interpret. Life expectancy only takes into
                  account the length of life and not quality of life. This data clearly shows that more
                  needs to be done to address health disparities for Indigenous peoples.
                  Globally, life expectancy at birth may be impacted by a host of factors that include
                  access to and quality of health care. In countries such as Canada, however, it is thought
                  that differences in life expectancy are primarily driven by the social determinants of
                  health. These include factors such as income, housing, education, and employment
                  conditions. Importantly, for First Nations people, life expectancy may be influenced
                  by a complex colonial history that includes intergenerational trauma from residential
                  schools, higher rates of poverty, and systemic racism.
                  Government is working to address health service improvements and health priorities
                  to improve health outcomes for Indigenous Albertans by collaborating with the
                  province’s regional Indigenous organizations, Alberta Health Services, Indigenous
                  Services Canada, and other partners.




                  MEASURING UP                                                                                                            129
usFunctions\SMP\BP-ZTOPICS\Measuring Up\2017-18\Excel Files\
ome Three.xlsx/ Life Expectancy_o3-i4                                                                   Last printed: 6/21/2018/4:42 PM
"
Life expectancy at birth,First Nations,2017,calendar year,70.7,years,,higher is better,2017-18,True,Budget PDFs/2017 Budget.pdf,131,c5cbb7327d8625867422eca99544a7e2d0da421eaedd185952c13abd1fec3f73,graph values transcribed and visually audited,Period life-table based on age-sex-specific mortality; excludes specified non-AHCIP populations.,Small FirstNations numbers cause annual fluctuations; length oflife not quality; do not join differently revised2018-19 Health series.,"amed: 17-18_MUP_o3-i4_leab.pdf                                                                              2017-18 GoA Annual Report
                  Outcome 3                                                                             Performance            Indicator 4
                                                                                                            Outcome 3 – Indicator 4



                  Life Expectancy at Birth (Provincial; First Nations; Non-First Nations)

                  Life Expectancy at Birth (First Nations; Non-First Nations)




                                                                                                 82.3
                                                               82.2




                                                                              82.2




                                                                                                                    82.2
                                        82.1

                       100
                                 71.9




                                                       70.9




                                                                                          70.9




                                                                                                             70.7
                                                                       69.9
                           80
                   Years




                           60
                           40
                           20
                           0
                                   2013                  2014            2015               2016               2017
                                               First Nations                  Non-First Nations

                  Source: Alberta Health Care Insurance Plan; Alberta Health Postal Code Translator File; Alberta Vital
                  Statistics Death File;
                  Source: Alberta  HealthFirst Nations
                                            Care       Status
                                                 Insurance    Registry
                                                            Plan; Alberta Health Postal Code Translation File; Alberta Vial S
                  For additional sources and notes see page 150


                  Discussion
                  This indicator compares the life expectancy of First Nations people to that of non-First
                  Nations people in the province.
                  In 2017, the gap in life expectancy between First Nations and non-First Nations
                  populations in Alberta was 11.5 years. Life expectancy among First Nations in Alberta
                  is based on relatively small numbers that result in annual fluctuations, making trends
                  over a short period of time difficult to interpret. Life expectancy only takes into
                  account the length of life and not quality of life. This data clearly shows that more
                  needs to be done to address health disparities for Indigenous peoples.
                  Globally, life expectancy at birth may be impacted by a host of factors that include
                  access to and quality of health care. In countries such as Canada, however, it is thought
                  that differences in life expectancy are primarily driven by the social determinants of
                  health. These include factors such as income, housing, education, and employment
                  conditions. Importantly, for First Nations people, life expectancy may be influenced
                  by a complex colonial history that includes intergenerational trauma from residential
                  schools, higher rates of poverty, and systemic racism.
                  Government is working to address health service improvements and health priorities
                  to improve health outcomes for Indigenous Albertans by collaborating with the
                  province’s regional Indigenous organizations, Alberta Health Services, Indigenous
                  Services Canada, and other partners.




                  MEASURING UP                                                                                                            129
usFunctions\SMP\BP-ZTOPICS\Measuring Up\2017-18\Excel Files\
ome Three.xlsx/ Life Expectancy_o3-i4                                                                   Last printed: 6/21/2018/4:42 PM
"
Life expectancy at birth,Non-First Nations,2013,calendar year,82.1,years,,higher is better,2017-18,True,Budget PDFs/2017 Budget.pdf,131,c5cbb7327d8625867422eca99544a7e2d0da421eaedd185952c13abd1fec3f73,graph values transcribed and visually audited,Period life-table based on age-sex-specific mortality; excludes specified non-AHCIP populations.,Small FirstNations numbers cause annual fluctuations; length oflife not quality; do not join differently revised2018-19 Health series.,"amed: 17-18_MUP_o3-i4_leab.pdf                                                                              2017-18 GoA Annual Report
                  Outcome 3                                                                             Performance            Indicator 4
                                                                                                            Outcome 3 – Indicator 4



                  Life Expectancy at Birth (Provincial; First Nations; Non-First Nations)

                  Life Expectancy at Birth (First Nations; Non-First Nations)




                                                                                                 82.3
                                                               82.2




                                                                              82.2




                                                                                                                    82.2
                                        82.1

                       100
                                 71.9




                                                       70.9




                                                                                          70.9




                                                                                                             70.7
                                                                       69.9
                           80
                   Years




                           60
                           40
                           20
                           0
                                   2013                  2014            2015               2016               2017
                                               First Nations                  Non-First Nations

                  Source: Alberta Health Care Insurance Plan; Alberta Health Postal Code Translator File; Alberta Vital
                  Statistics Death File;
                  Source: Alberta  HealthFirst Nations
                                            Care       Status
                                                 Insurance    Registry
                                                            Plan; Alberta Health Postal Code Translation File; Alberta Vial S
                  For additional sources and notes see page 150


                  Discussion
                  This indicator compares the life expectancy of First Nations people to that of non-First
                  Nations people in the province.
                  In 2017, the gap in life expectancy between First Nations and non-First Nations
                  populations in Alberta was 11.5 years. Life expectancy among First Nations in Alberta
                  is based on relatively small numbers that result in annual fluctuations, making trends
                  over a short period of time difficult to interpret. Life expectancy only takes into
                  account the length of life and not quality of life. This data clearly shows that more
                  needs to be done to address health disparities for Indigenous peoples.
                  Globally, life expectancy at birth may be impacted by a host of factors that include
                  access to and quality of health care. In countries such as Canada, however, it is thought
                  that differences in life expectancy are primarily driven by the social determinants of
                  health. These include factors such as income, housing, education, and employment
                  conditions. Importantly, for First Nations people, life expectancy may be influenced
                  by a complex colonial history that includes intergenerational trauma from residential
                  schools, higher rates of poverty, and systemic racism.
                  Government is working to address health service improvements and health priorities
                  to improve health outcomes for Indigenous Albertans by collaborating with the
                  province’s regional Indigenous organizations, Alberta Health Services, Indigenous
                  Services Canada, and other partners.




                  MEASURING UP                                                                                                            129
usFunctions\SMP\BP-ZTOPICS\Measuring Up\2017-18\Excel Files\
ome Three.xlsx/ Life Expectancy_o3-i4                                                                   Last printed: 6/21/2018/4:42 PM
"
Life expectancy at birth,Non-First Nations,2014,calendar year,82.2,years,,higher is better,2017-18,True,Budget PDFs/2017 Budget.pdf,131,c5cbb7327d8625867422eca99544a7e2d0da421eaedd185952c13abd1fec3f73,graph values transcribed and visually audited,Period life-table based on age-sex-specific mortality; excludes specified non-AHCIP populations.,Small FirstNations numbers cause annual fluctuations; length oflife not quality; do not join differently revised2018-19 Health series.,"amed: 17-18_MUP_o3-i4_leab.pdf                                                                              2017-18 GoA Annual Report
                  Outcome 3                                                                             Performance            Indicator 4
                                                                                                            Outcome 3 – Indicator 4



                  Life Expectancy at Birth (Provincial; First Nations; Non-First Nations)

                  Life Expectancy at Birth (First Nations; Non-First Nations)




                                                                                                 82.3
                                                               82.2




                                                                              82.2




                                                                                                                    82.2
                                        82.1

                       100
                                 71.9




                                                       70.9




                                                                                          70.9




                                                                                                             70.7
                                                                       69.9
                           80
                   Years




                           60
                           40
                           20
                           0
                                   2013                  2014            2015               2016               2017
                                               First Nations                  Non-First Nations

                  Source: Alberta Health Care Insurance Plan; Alberta Health Postal Code Translator File; Alberta Vital
                  Statistics Death File;
                  Source: Alberta  HealthFirst Nations
                                            Care       Status
                                                 Insurance    Registry
                                                            Plan; Alberta Health Postal Code Translation File; Alberta Vial S
                  For additional sources and notes see page 150


                  Discussion
                  This indicator compares the life expectancy of First Nations people to that of non-First
                  Nations people in the province.
                  In 2017, the gap in life expectancy between First Nations and non-First Nations
                  populations in Alberta was 11.5 years. Life expectancy among First Nations in Alberta
                  is based on relatively small numbers that result in annual fluctuations, making trends
                  over a short period of time difficult to interpret. Life expectancy only takes into
                  account the length of life and not quality of life. This data clearly shows that more
                  needs to be done to address health disparities for Indigenous peoples.
                  Globally, life expectancy at birth may be impacted by a host of factors that include
                  access to and quality of health care. In countries such as Canada, however, it is thought
                  that differences in life expectancy are primarily driven by the social determinants of
                  health. These include factors such as income, housing, education, and employment
                  conditions. Importantly, for First Nations people, life expectancy may be influenced
                  by a complex colonial history that includes intergenerational trauma from residential
                  schools, higher rates of poverty, and systemic racism.
                  Government is working to address health service improvements and health priorities
                  to improve health outcomes for Indigenous Albertans by collaborating with the
                  province’s regional Indigenous organizations, Alberta Health Services, Indigenous
                  Services Canada, and other partners.




                  MEASURING UP                                                                                                            129
usFunctions\SMP\BP-ZTOPICS\Measuring Up\2017-18\Excel Files\
ome Three.xlsx/ Life Expectancy_o3-i4                                                                   Last printed: 6/21/2018/4:42 PM
"
Life expectancy at birth,Non-First Nations,2015,calendar year,82.2,years,,higher is better,2017-18,True,Budget PDFs/2017 Budget.pdf,131,c5cbb7327d8625867422eca99544a7e2d0da421eaedd185952c13abd1fec3f73,graph values transcribed and visually audited,Period life-table based on age-sex-specific mortality; excludes specified non-AHCIP populations.,Small FirstNations numbers cause annual fluctuations; length oflife not quality; do not join differently revised2018-19 Health series.,"amed: 17-18_MUP_o3-i4_leab.pdf                                                                              2017-18 GoA Annual Report
                  Outcome 3                                                                             Performance            Indicator 4
                                                                                                            Outcome 3 – Indicator 4



                  Life Expectancy at Birth (Provincial; First Nations; Non-First Nations)

                  Life Expectancy at Birth (First Nations; Non-First Nations)




                                                                                                 82.3
                                                               82.2




                                                                              82.2




                                                                                                                    82.2
                                        82.1

                       100
                                 71.9




                                                       70.9




                                                                                          70.9




                                                                                                             70.7
                                                                       69.9
                           80
                   Years




                           60
                           40
                           20
                           0
                                   2013                  2014            2015               2016               2017
                                               First Nations                  Non-First Nations

                  Source: Alberta Health Care Insurance Plan; Alberta Health Postal Code Translator File; Alberta Vital
                  Statistics Death File;
                  Source: Alberta  HealthFirst Nations
                                            Care       Status
                                                 Insurance    Registry
                                                            Plan; Alberta Health Postal Code Translation File; Alberta Vial S
                  For additional sources and notes see page 150


                  Discussion
                  This indicator compares the life expectancy of First Nations people to that of non-First
                  Nations people in the province.
                  In 2017, the gap in life expectancy between First Nations and non-First Nations
                  populations in Alberta was 11.5 years. Life expectancy among First Nations in Alberta
                  is based on relatively small numbers that result in annual fluctuations, making trends
                  over a short period of time difficult to interpret. Life expectancy only takes into
                  account the length of life and not quality of life. This data clearly shows that more
                  needs to be done to address health disparities for Indigenous peoples.
                  Globally, life expectancy at birth may be impacted by a host of factors that include
                  access to and quality of health care. In countries such as Canada, however, it is thought
                  that differences in life expectancy are primarily driven by the social determinants of
                  health. These include factors such as income, housing, education, and employment
                  conditions. Importantly, for First Nations people, life expectancy may be influenced
                  by a complex colonial history that includes intergenerational trauma from residential
                  schools, higher rates of poverty, and systemic racism.
                  Government is working to address health service improvements and health priorities
                  to improve health outcomes for Indigenous Albertans by collaborating with the
                  province’s regional Indigenous organizations, Alberta Health Services, Indigenous
                  Services Canada, and other partners.




                  MEASURING UP                                                                                                            129
usFunctions\SMP\BP-ZTOPICS\Measuring Up\2017-18\Excel Files\
ome Three.xlsx/ Life Expectancy_o3-i4                                                                   Last printed: 6/21/2018/4:42 PM
"
Life expectancy at birth,Non-First Nations,2016,calendar year,82.3,years,,higher is better,2017-18,True,Budget PDFs/2017 Budget.pdf,131,c5cbb7327d8625867422eca99544a7e2d0da421eaedd185952c13abd1fec3f73,graph values transcribed and visually audited,Period life-table based on age-sex-specific mortality; excludes specified non-AHCIP populations.,Small FirstNations numbers cause annual fluctuations; length oflife not quality; do not join differently revised2018-19 Health series.,"amed: 17-18_MUP_o3-i4_leab.pdf                                                                              2017-18 GoA Annual Report
                  Outcome 3                                                                             Performance            Indicator 4
                                                                                                            Outcome 3 – Indicator 4



                  Life Expectancy at Birth (Provincial; First Nations; Non-First Nations)

                  Life Expectancy at Birth (First Nations; Non-First Nations)




                                                                                                 82.3
                                                               82.2




                                                                              82.2




                                                                                                                    82.2
                                        82.1

                       100
                                 71.9




                                                       70.9




                                                                                          70.9




                                                                                                             70.7
                                                                       69.9
                           80
                   Years




                           60
                           40
                           20
                           0
                                   2013                  2014            2015               2016               2017
                                               First Nations                  Non-First Nations

                  Source: Alberta Health Care Insurance Plan; Alberta Health Postal Code Translator File; Alberta Vital
                  Statistics Death File;
                  Source: Alberta  HealthFirst Nations
                                            Care       Status
                                                 Insurance    Registry
                                                            Plan; Alberta Health Postal Code Translation File; Alberta Vial S
                  For additional sources and notes see page 150


                  Discussion
                  This indicator compares the life expectancy of First Nations people to that of non-First
                  Nations people in the province.
                  In 2017, the gap in life expectancy between First Nations and non-First Nations
                  populations in Alberta was 11.5 years. Life expectancy among First Nations in Alberta
                  is based on relatively small numbers that result in annual fluctuations, making trends
                  over a short period of time difficult to interpret. Life expectancy only takes into
                  account the length of life and not quality of life. This data clearly shows that more
                  needs to be done to address health disparities for Indigenous peoples.
                  Globally, life expectancy at birth may be impacted by a host of factors that include
                  access to and quality of health care. In countries such as Canada, however, it is thought
                  that differences in life expectancy are primarily driven by the social determinants of
                  health. These include factors such as income, housing, education, and employment
                  conditions. Importantly, for First Nations people, life expectancy may be influenced
                  by a complex colonial history that includes intergenerational trauma from residential
                  schools, higher rates of poverty, and systemic racism.
                  Government is working to address health service improvements and health priorities
                  to improve health outcomes for Indigenous Albertans by collaborating with the
                  province’s regional Indigenous organizations, Alberta Health Services, Indigenous
                  Services Canada, and other partners.




                  MEASURING UP                                                                                                            129
usFunctions\SMP\BP-ZTOPICS\Measuring Up\2017-18\Excel Files\
ome Three.xlsx/ Life Expectancy_o3-i4                                                                   Last printed: 6/21/2018/4:42 PM
"
Life expectancy at birth,Non-First Nations,2017,calendar year,82.2,years,,higher is better,2017-18,True,Budget PDFs/2017 Budget.pdf,131,c5cbb7327d8625867422eca99544a7e2d0da421eaedd185952c13abd1fec3f73,graph values transcribed and visually audited,Period life-table based on age-sex-specific mortality; excludes specified non-AHCIP populations.,Small FirstNations numbers cause annual fluctuations; length oflife not quality; do not join differently revised2018-19 Health series.,"amed: 17-18_MUP_o3-i4_leab.pdf                                                                              2017-18 GoA Annual Report
                  Outcome 3                                                                             Performance            Indicator 4
                                                                                                            Outcome 3 – Indicator 4



                  Life Expectancy at Birth (Provincial; First Nations; Non-First Nations)

                  Life Expectancy at Birth (First Nations; Non-First Nations)




                                                                                                 82.3
                                                               82.2




                                                                              82.2




                                                                                                                    82.2
                                        82.1

                       100
                                 71.9




                                                       70.9




                                                                                          70.9




                                                                                                             70.7
                                                                       69.9
                           80
                   Years




                           60
                           40
                           20
                           0
                                   2013                  2014            2015               2016               2017
                                               First Nations                  Non-First Nations

                  Source: Alberta Health Care Insurance Plan; Alberta Health Postal Code Translator File; Alberta Vital
                  Statistics Death File;
                  Source: Alberta  HealthFirst Nations
                                            Care       Status
                                                 Insurance    Registry
                                                            Plan; Alberta Health Postal Code Translation File; Alberta Vial S
                  For additional sources and notes see page 150


                  Discussion
                  This indicator compares the life expectancy of First Nations people to that of non-First
                  Nations people in the province.
                  In 2017, the gap in life expectancy between First Nations and non-First Nations
                  populations in Alberta was 11.5 years. Life expectancy among First Nations in Alberta
                  is based on relatively small numbers that result in annual fluctuations, making trends
                  over a short period of time difficult to interpret. Life expectancy only takes into
                  account the length of life and not quality of life. This data clearly shows that more
                  needs to be done to address health disparities for Indigenous peoples.
                  Globally, life expectancy at birth may be impacted by a host of factors that include
                  access to and quality of health care. In countries such as Canada, however, it is thought
                  that differences in life expectancy are primarily driven by the social determinants of
                  health. These include factors such as income, housing, education, and employment
                  conditions. Importantly, for First Nations people, life expectancy may be influenced
                  by a complex colonial history that includes intergenerational trauma from residential
                  schools, higher rates of poverty, and systemic racism.
                  Government is working to address health service improvements and health priorities
                  to improve health outcomes for Indigenous Albertans by collaborating with the
                  province’s regional Indigenous organizations, Alberta Health Services, Indigenous
                  Services Canada, and other partners.




                  MEASURING UP                                                                                                            129
usFunctions\SMP\BP-ZTOPICS\Measuring Up\2017-18\Excel Files\
ome Three.xlsx/ Life Expectancy_o3-i4                                                                   Last printed: 6/21/2018/4:42 PM
"
Life expectancy at birth,Provincial,2011,calendar year,81.59,years,,higher is better,2015-16,True,Budget PDFs/2015-2016 Annual Report.pdf,103,b897cb6cc181a0c13b9b1f32f0009b21d7bd2d678384ae94bb7077a242f01cfe,graph values manually paired withyear; sourcepage saved,Period life table; graph presents provincial and FirstNations/nonFirstNations populations.,Older source vintage; group estimates overlap but differ from later2017/2018 publications. Never join vintages without reconciliation; not recent outcomes.,"pdf                                                                                                     2015‐16 GoA Annual Report




                                  4
                                                                                                        Measuring Up ‐ Outcome 4
                                                                                                                                                                                                   2015‐16 GoA A
                      Outcome   Apdf
                                  health
                                     named:care  system that is sustainable, patient-focused and meets the needs of a
                                           15‐16_MUP_o4_leab.pdf
                                                                                                                                                                                                   Measuring Up
                                growing province.
                Influenza Immunization
                Albertans who have received the recommended annual
                influenza immunization (percentage)                                                             Life Expectancy at Birth (Provincial; First Nation;
                      INFLUENZA IMMUNIZATION (PERCENTAGE)                                                     LIFE EXPECTANCY AT BIRTH (YEARS)
                      Performance Measure                                                                     Performance Indicator
                                 91             89               88               90               90




                                                                                                                                                                                          82.30
                                                                                                                                                                          82.19
                                                                                                                                                         82.07
                                                                                                                        82.00




                                                                                                                                         82.02




                                                                                                                                                                                  81.87
                                                                                                                                                                  81.79
                                                                                                                                                 81.71
                                                                                                                                81.68
                                                                                                                81.59
                 85
                       61             60             64               61               63
                 65




                                                                                                                                                     72.52
                                                                                                                                    72.15




                                                                                                                                                                      71.60
                 45




                                                                                                                    70.79
                                                          34               34




                                                                                                                                                                                      70.36
                            29             30                                               33
                 25
                       2011-12        2012-13        2013-14          2014-15          2015-16           68
                        Seniors aged 65 and over                                                                  2011            2012             2013             2014             2015
                        Children aged 6 to 23 months                                                             Provincial             First Nations            Non-First Nations
                        Residents of long-term care facilities
                    Immunization rates for all three high risk groups were                                  There is a large difference in life expectancy for Alberta’s
                    below the 2015-16 targets. There was a two percentage                                pdfFirst Nations
                                                                                                              named:       population in comparison to Alberta’s Non-
                                                                                                                         15-16_MUP_o4_leab.pdf
                    point increase in the immunization rate for seniors aged                                First Nations population or the total provincial population.
                    65 and over,
                pdf named:        however, the target of 75 per cent was
                              15-16_MUP_o4_ii.pdf                                                           Life expectancy at birth in 2015 was 70.36 years for First
                    not met. The result of 33 per cent immunization rate for                                Nations people, which are about 12 years shorter than
                    children six months up to and including 23 months of age                                82.30 years for Non-First Nations people and 81.87 years
                    was well below the target of 75 per cent for 2015-16.                                   for the total provincial population.
                    The percentage of residents of long-term care facilities who
                                                                               In comparison to the statistics for Alberta’s provincial
                    were immunized was 90 per cent, below the target of 95
                                                                               population, the First Nations population experience a
                    per cent.
                                                                               higher number of pre-term births, an infant mortality rate
hati.pdf                                                                    2015‐16 GoA Annual Report
                   Alberta Health Services Zones have used a number of         that is more than one and a half times higher, a suicide
                                                                            Measuring Up ‐ Outcome 4
                   strategies to increase influenza immunization rates for     rate that is five to seven times higher, a higher rate of
                   young children, such as more drop-in clinics (including     diabetes and significantly higher rates of arthritis, asthma,
                   day and child care centres), and targeted reminder calls    heart disease and high blood pressure. To improve the
                   and  mail-outs.
                 Healthy Alberta Trend Index (HATi)*                           health status of a population, a broad range of factors
                                                                               need to be considered, including health services,
                 Health Risk Factors Per Person Aged 20–64 Years (average num
                                                                               personal health practices and coping skills, as well as
                   HEALTHY ALBERTA TREND INDEX                                 social factors such as housing and education.
                 3
                      (AVERAGE NUMBER) Performance Measure
                                                                                                              Addressing health inequities requires emphasis to be
                         2.17          2.17               2.22                              2.14
                                                                           2.12                               placed on primary prevention and advanced access
                  2
                                                                                                              to primary health care to enable early diagnosis and
                         2010          2011           2012             2013             2014                  treatment of diseases and conditions. The Government of
                                                                                                              Alberta has committed to addressing this health crisis.
                    The Healthy Alberta Trend Index (HATi) for 2014 was
                    2.14, slightly above the result of 2.12 in the previous                                   Alberta Health and Alberta Health Services are engaged
                    year. Both results remain higher than the target of                                       at trilateral Health Services Integration Fund /Joint Action
                    2.06. The HATi is a composite index that measures six,                                    Health Plan tables with Health Canada and Treaties 6, 7
                    self-reported complex health behaviours such as the                                       and 8 First Nations in Alberta. The tables aim to enhance
                    consumption of fruits and vegetables; physical activity;                                  relationships and collaborate on initiatives to improve
                    daily smoking; life stress; overweight/obesity; and binge                                 health outcomes of Indigenous peoples in Alberta.
                    drinking.
                 Source : Statistics Canada. Canadian Community Health Survey
                 (CCHS) Alberta Share File (file not publicly issued)
                   Shifts in the trends are driven by a range of factors
                   including to a large extent, social and economic
                 pdfconditions,
                     named: as   15-16_MUP_o4_hati.pdf
                                    well as by targeted policy and program
                   initiatives that are of sufficient reach, scope and dose to
                   have an effective impact on whole populations.

BF\BusFunctions\SMP\BP‐ZTOPICS\Measuring
                    MEASURING UP         Up\2015‐16\Excel Files\                                                                                                                              97
unization                                                                            Printed: 6/8/2016/2:51 PM
                                           \\GOA.ds.gov.ab.ca\SHARED\TBF\BusFunctions\SMP\BP‐ZTOPICS\Measuring Up\2015‐16\Excel Files\
                                           Outcome 4.xlsx/Life Expectancy at Birth                                                                                                                 Printed: 6/2/2
"
Life expectancy at birth,Provincial,2012,calendar year,81.68,years,,higher is better,2015-16,True,Budget PDFs/2015-2016 Annual Report.pdf,103,b897cb6cc181a0c13b9b1f32f0009b21d7bd2d678384ae94bb7077a242f01cfe,graph values manually paired withyear; sourcepage saved,Period life table; graph presents provincial and FirstNations/nonFirstNations populations.,Older source vintage; group estimates overlap but differ from later2017/2018 publications. Never join vintages without reconciliation; not recent outcomes.,"pdf                                                                                                     2015‐16 GoA Annual Report




                                  4
                                                                                                        Measuring Up ‐ Outcome 4
                                                                                                                                                                                                   2015‐16 GoA A
                      Outcome   Apdf
                                  health
                                     named:care  system that is sustainable, patient-focused and meets the needs of a
                                           15‐16_MUP_o4_leab.pdf
                                                                                                                                                                                                   Measuring Up
                                growing province.
                Influenza Immunization
                Albertans who have received the recommended annual
                influenza immunization (percentage)                                                             Life Expectancy at Birth (Provincial; First Nation;
                      INFLUENZA IMMUNIZATION (PERCENTAGE)                                                     LIFE EXPECTANCY AT BIRTH (YEARS)
                      Performance Measure                                                                     Performance Indicator
                                 91             89               88               90               90




                                                                                                                                                                                          82.30
                                                                                                                                                                          82.19
                                                                                                                                                         82.07
                                                                                                                        82.00




                                                                                                                                         82.02




                                                                                                                                                                                  81.87
                                                                                                                                                                  81.79
                                                                                                                                                 81.71
                                                                                                                                81.68
                                                                                                                81.59
                 85
                       61             60             64               61               63
                 65




                                                                                                                                                     72.52
                                                                                                                                    72.15




                                                                                                                                                                      71.60
                 45




                                                                                                                    70.79
                                                          34               34




                                                                                                                                                                                      70.36
                            29             30                                               33
                 25
                       2011-12        2012-13        2013-14          2014-15          2015-16           68
                        Seniors aged 65 and over                                                                  2011            2012             2013             2014             2015
                        Children aged 6 to 23 months                                                             Provincial             First Nations            Non-First Nations
                        Residents of long-term care facilities
                    Immunization rates for all three high risk groups were                                  There is a large difference in life expectancy for Alberta’s
                    below the 2015-16 targets. There was a two percentage                                pdfFirst Nations
                                                                                                              named:       population in comparison to Alberta’s Non-
                                                                                                                         15-16_MUP_o4_leab.pdf
                    point increase in the immunization rate for seniors aged                                First Nations population or the total provincial population.
                    65 and over,
                pdf named:        however, the target of 75 per cent was
                              15-16_MUP_o4_ii.pdf                                                           Life expectancy at birth in 2015 was 70.36 years for First
                    not met. The result of 33 per cent immunization rate for                                Nations people, which are about 12 years shorter than
                    children six months up to and including 23 months of age                                82.30 years for Non-First Nations people and 81.87 years
                    was well below the target of 75 per cent for 2015-16.                                   for the total provincial population.
                    The percentage of residents of long-term care facilities who
                                                                               In comparison to the statistics for Alberta’s provincial
                    were immunized was 90 per cent, below the target of 95
                                                                               population, the First Nations population experience a
                    per cent.
                                                                               higher number of pre-term births, an infant mortality rate
hati.pdf                                                                    2015‐16 GoA Annual Report
                   Alberta Health Services Zones have used a number of         that is more than one and a half times higher, a suicide
                                                                            Measuring Up ‐ Outcome 4
                   strategies to increase influenza immunization rates for     rate that is five to seven times higher, a higher rate of
                   young children, such as more drop-in clinics (including     diabetes and significantly higher rates of arthritis, asthma,
                   day and child care centres), and targeted reminder calls    heart disease and high blood pressure. To improve the
                   and  mail-outs.
                 Healthy Alberta Trend Index (HATi)*                           health status of a population, a broad range of factors
                                                                               need to be considered, including health services,
                 Health Risk Factors Per Person Aged 20–64 Years (average num
                                                                               personal health practices and coping skills, as well as
                   HEALTHY ALBERTA TREND INDEX                                 social factors such as housing and education.
                 3
                      (AVERAGE NUMBER) Performance Measure
                                                                                                              Addressing health inequities requires emphasis to be
                         2.17          2.17               2.22                              2.14
                                                                           2.12                               placed on primary prevention and advanced access
                  2
                                                                                                              to primary health care to enable early diagnosis and
                         2010          2011           2012             2013             2014                  treatment of diseases and conditions. The Government of
                                                                                                              Alberta has committed to addressing this health crisis.
                    The Healthy Alberta Trend Index (HATi) for 2014 was
                    2.14, slightly above the result of 2.12 in the previous                                   Alberta Health and Alberta Health Services are engaged
                    year. Both results remain higher than the target of                                       at trilateral Health Services Integration Fund /Joint Action
                    2.06. The HATi is a composite index that measures six,                                    Health Plan tables with Health Canada and Treaties 6, 7
                    self-reported complex health behaviours such as the                                       and 8 First Nations in Alberta. The tables aim to enhance
                    consumption of fruits and vegetables; physical activity;                                  relationships and collaborate on initiatives to improve
                    daily smoking; life stress; overweight/obesity; and binge                                 health outcomes of Indigenous peoples in Alberta.
                    drinking.
                 Source : Statistics Canada. Canadian Community Health Survey
                 (CCHS) Alberta Share File (file not publicly issued)
                   Shifts in the trends are driven by a range of factors
                   including to a large extent, social and economic
                 pdfconditions,
                     named: as   15-16_MUP_o4_hati.pdf
                                    well as by targeted policy and program
                   initiatives that are of sufficient reach, scope and dose to
                   have an effective impact on whole populations.

BF\BusFunctions\SMP\BP‐ZTOPICS\Measuring
                    MEASURING UP         Up\2015‐16\Excel Files\                                                                                                                              97
unization                                                                            Printed: 6/8/2016/2:51 PM
                                           \\GOA.ds.gov.ab.ca\SHARED\TBF\BusFunctions\SMP\BP‐ZTOPICS\Measuring Up\2015‐16\Excel Files\
                                           Outcome 4.xlsx/Life Expectancy at Birth                                                                                                                 Printed: 6/2/2
"
Life expectancy at birth,Provincial,2013,calendar year,81.71,years,,higher is better,2015-16,True,Budget PDFs/2015-2016 Annual Report.pdf,103,b897cb6cc181a0c13b9b1f32f0009b21d7bd2d678384ae94bb7077a242f01cfe,graph values manually paired withyear; sourcepage saved,Period life table; graph presents provincial and FirstNations/nonFirstNations populations.,Older source vintage; group estimates overlap but differ from later2017/2018 publications. Never join vintages without reconciliation; not recent outcomes.,"pdf                                                                                                     2015‐16 GoA Annual Report




                                  4
                                                                                                        Measuring Up ‐ Outcome 4
                                                                                                                                                                                                   2015‐16 GoA A
                      Outcome   Apdf
                                  health
                                     named:care  system that is sustainable, patient-focused and meets the needs of a
                                           15‐16_MUP_o4_leab.pdf
                                                                                                                                                                                                   Measuring Up
                                growing province.
                Influenza Immunization
                Albertans who have received the recommended annual
                influenza immunization (percentage)                                                             Life Expectancy at Birth (Provincial; First Nation;
                      INFLUENZA IMMUNIZATION (PERCENTAGE)                                                     LIFE EXPECTANCY AT BIRTH (YEARS)
                      Performance Measure                                                                     Performance Indicator
                                 91             89               88               90               90




                                                                                                                                                                                          82.30
                                                                                                                                                                          82.19
                                                                                                                                                         82.07
                                                                                                                        82.00




                                                                                                                                         82.02




                                                                                                                                                                                  81.87
                                                                                                                                                                  81.79
                                                                                                                                                 81.71
                                                                                                                                81.68
                                                                                                                81.59
                 85
                       61             60             64               61               63
                 65




                                                                                                                                                     72.52
                                                                                                                                    72.15




                                                                                                                                                                      71.60
                 45




                                                                                                                    70.79
                                                          34               34




                                                                                                                                                                                      70.36
                            29             30                                               33
                 25
                       2011-12        2012-13        2013-14          2014-15          2015-16           68
                        Seniors aged 65 and over                                                                  2011            2012             2013             2014             2015
                        Children aged 6 to 23 months                                                             Provincial             First Nations            Non-First Nations
                        Residents of long-term care facilities
                    Immunization rates for all three high risk groups were                                  There is a large difference in life expectancy for Alberta’s
                    below the 2015-16 targets. There was a two percentage                                pdfFirst Nations
                                                                                                              named:       population in comparison to Alberta’s Non-
                                                                                                                         15-16_MUP_o4_leab.pdf
                    point increase in the immunization rate for seniors aged                                First Nations population or the total provincial population.
                    65 and over,
                pdf named:        however, the target of 75 per cent was
                              15-16_MUP_o4_ii.pdf                                                           Life expectancy at birth in 2015 was 70.36 years for First
                    not met. The result of 33 per cent immunization rate for                                Nations people, which are about 12 years shorter than
                    children six months up to and including 23 months of age                                82.30 years for Non-First Nations people and 81.87 years
                    was well below the target of 75 per cent for 2015-16.                                   for the total provincial population.
                    The percentage of residents of long-term care facilities who
                                                                               In comparison to the statistics for Alberta’s provincial
                    were immunized was 90 per cent, below the target of 95
                                                                               population, the First Nations population experience a
                    per cent.
                                                                               higher number of pre-term births, an infant mortality rate
hati.pdf                                                                    2015‐16 GoA Annual Report
                   Alberta Health Services Zones have used a number of         that is more than one and a half times higher, a suicide
                                                                            Measuring Up ‐ Outcome 4
                   strategies to increase influenza immunization rates for     rate that is five to seven times higher, a higher rate of
                   young children, such as more drop-in clinics (including     diabetes and significantly higher rates of arthritis, asthma,
                   day and child care centres), and targeted reminder calls    heart disease and high blood pressure. To improve the
                   and  mail-outs.
                 Healthy Alberta Trend Index (HATi)*                           health status of a population, a broad range of factors
                                                                               need to be considered, including health services,
                 Health Risk Factors Per Person Aged 20–64 Years (average num
                                                                               personal health practices and coping skills, as well as
                   HEALTHY ALBERTA TREND INDEX                                 social factors such as housing and education.
                 3
                      (AVERAGE NUMBER) Performance Measure
                                                                                                              Addressing health inequities requires emphasis to be
                         2.17          2.17               2.22                              2.14
                                                                           2.12                               placed on primary prevention and advanced access
                  2
                                                                                                              to primary health care to enable early diagnosis and
                         2010          2011           2012             2013             2014                  treatment of diseases and conditions. The Government of
                                                                                                              Alberta has committed to addressing this health crisis.
                    The Healthy Alberta Trend Index (HATi) for 2014 was
                    2.14, slightly above the result of 2.12 in the previous                                   Alberta Health and Alberta Health Services are engaged
                    year. Both results remain higher than the target of                                       at trilateral Health Services Integration Fund /Joint Action
                    2.06. The HATi is a composite index that measures six,                                    Health Plan tables with Health Canada and Treaties 6, 7
                    self-reported complex health behaviours such as the                                       and 8 First Nations in Alberta. The tables aim to enhance
                    consumption of fruits and vegetables; physical activity;                                  relationships and collaborate on initiatives to improve
                    daily smoking; life stress; overweight/obesity; and binge                                 health outcomes of Indigenous peoples in Alberta.
                    drinking.
                 Source : Statistics Canada. Canadian Community Health Survey
                 (CCHS) Alberta Share File (file not publicly issued)
                   Shifts in the trends are driven by a range of factors
                   including to a large extent, social and economic
                 pdfconditions,
                     named: as   15-16_MUP_o4_hati.pdf
                                    well as by targeted policy and program
                   initiatives that are of sufficient reach, scope and dose to
                   have an effective impact on whole populations.

BF\BusFunctions\SMP\BP‐ZTOPICS\Measuring
                    MEASURING UP         Up\2015‐16\Excel Files\                                                                                                                              97
unization                                                                            Printed: 6/8/2016/2:51 PM
                                           \\GOA.ds.gov.ab.ca\SHARED\TBF\BusFunctions\SMP\BP‐ZTOPICS\Measuring Up\2015‐16\Excel Files\
                                           Outcome 4.xlsx/Life Expectancy at Birth                                                                                                                 Printed: 6/2/2
"
Life expectancy at birth,Provincial,2014,calendar year,81.79,years,,higher is better,2015-16,True,Budget PDFs/2015-2016 Annual Report.pdf,103,b897cb6cc181a0c13b9b1f32f0009b21d7bd2d678384ae94bb7077a242f01cfe,graph values manually paired withyear; sourcepage saved,Period life table; graph presents provincial and FirstNations/nonFirstNations populations.,Older source vintage; group estimates overlap but differ from later2017/2018 publications. Never join vintages without reconciliation; not recent outcomes.,"pdf                                                                                                     2015‐16 GoA Annual Report




                                  4
                                                                                                        Measuring Up ‐ Outcome 4
                                                                                                                                                                                                   2015‐16 GoA A
                      Outcome   Apdf
                                  health
                                     named:care  system that is sustainable, patient-focused and meets the needs of a
                                           15‐16_MUP_o4_leab.pdf
                                                                                                                                                                                                   Measuring Up
                                growing province.
                Influenza Immunization
                Albertans who have received the recommended annual
                influenza immunization (percentage)                                                             Life Expectancy at Birth (Provincial; First Nation;
                      INFLUENZA IMMUNIZATION (PERCENTAGE)                                                     LIFE EXPECTANCY AT BIRTH (YEARS)
                      Performance Measure                                                                     Performance Indicator
                                 91             89               88               90               90




                                                                                                                                                                                          82.30
                                                                                                                                                                          82.19
                                                                                                                                                         82.07
                                                                                                                        82.00




                                                                                                                                         82.02




                                                                                                                                                                                  81.87
                                                                                                                                                                  81.79
                                                                                                                                                 81.71
                                                                                                                                81.68
                                                                                                                81.59
                 85
                       61             60             64               61               63
                 65




                                                                                                                                                     72.52
                                                                                                                                    72.15




                                                                                                                                                                      71.60
                 45




                                                                                                                    70.79
                                                          34               34




                                                                                                                                                                                      70.36
                            29             30                                               33
                 25
                       2011-12        2012-13        2013-14          2014-15          2015-16           68
                        Seniors aged 65 and over                                                                  2011            2012             2013             2014             2015
                        Children aged 6 to 23 months                                                             Provincial             First Nations            Non-First Nations
                        Residents of long-term care facilities
                    Immunization rates for all three high risk groups were                                  There is a large difference in life expectancy for Alberta’s
                    below the 2015-16 targets. There was a two percentage                                pdfFirst Nations
                                                                                                              named:       population in comparison to Alberta’s Non-
                                                                                                                         15-16_MUP_o4_leab.pdf
                    point increase in the immunization rate for seniors aged                                First Nations population or the total provincial population.
                    65 and over,
                pdf named:        however, the target of 75 per cent was
                              15-16_MUP_o4_ii.pdf                                                           Life expectancy at birth in 2015 was 70.36 years for First
                    not met. The result of 33 per cent immunization rate for                                Nations people, which are about 12 years shorter than
                    children six months up to and including 23 months of age                                82.30 years for Non-First Nations people and 81.87 years
                    was well below the target of 75 per cent for 2015-16.                                   for the total provincial population.
                    The percentage of residents of long-term care facilities who
                                                                               In comparison to the statistics for Alberta’s provincial
                    were immunized was 90 per cent, below the target of 95
                                                                               population, the First Nations population experience a
                    per cent.
                                                                               higher number of pre-term births, an infant mortality rate
hati.pdf                                                                    2015‐16 GoA Annual Report
                   Alberta Health Services Zones have used a number of         that is more than one and a half times higher, a suicide
                                                                            Measuring Up ‐ Outcome 4
                   strategies to increase influenza immunization rates for     rate that is five to seven times higher, a higher rate of
                   young children, such as more drop-in clinics (including     diabetes and significantly higher rates of arthritis, asthma,
                   day and child care centres), and targeted reminder calls    heart disease and high blood pressure. To improve the
                   and  mail-outs.
                 Healthy Alberta Trend Index (HATi)*                           health status of a population, a broad range of factors
                                                                               need to be considered, including health services,
                 Health Risk Factors Per Person Aged 20–64 Years (average num
                                                                               personal health practices and coping skills, as well as
                   HEALTHY ALBERTA TREND INDEX                                 social factors such as housing and education.
                 3
                      (AVERAGE NUMBER) Performance Measure
                                                                                                              Addressing health inequities requires emphasis to be
                         2.17          2.17               2.22                              2.14
                                                                           2.12                               placed on primary prevention and advanced access
                  2
                                                                                                              to primary health care to enable early diagnosis and
                         2010          2011           2012             2013             2014                  treatment of diseases and conditions. The Government of
                                                                                                              Alberta has committed to addressing this health crisis.
                    The Healthy Alberta Trend Index (HATi) for 2014 was
                    2.14, slightly above the result of 2.12 in the previous                                   Alberta Health and Alberta Health Services are engaged
                    year. Both results remain higher than the target of                                       at trilateral Health Services Integration Fund /Joint Action
                    2.06. The HATi is a composite index that measures six,                                    Health Plan tables with Health Canada and Treaties 6, 7
                    self-reported complex health behaviours such as the                                       and 8 First Nations in Alberta. The tables aim to enhance
                    consumption of fruits and vegetables; physical activity;                                  relationships and collaborate on initiatives to improve
                    daily smoking; life stress; overweight/obesity; and binge                                 health outcomes of Indigenous peoples in Alberta.
                    drinking.
                 Source : Statistics Canada. Canadian Community Health Survey
                 (CCHS) Alberta Share File (file not publicly issued)
                   Shifts in the trends are driven by a range of factors
                   including to a large extent, social and economic
                 pdfconditions,
                     named: as   15-16_MUP_o4_hati.pdf
                                    well as by targeted policy and program
                   initiatives that are of sufficient reach, scope and dose to
                   have an effective impact on whole populations.

BF\BusFunctions\SMP\BP‐ZTOPICS\Measuring
                    MEASURING UP         Up\2015‐16\Excel Files\                                                                                                                              97
unization                                                                            Printed: 6/8/2016/2:51 PM
                                           \\GOA.ds.gov.ab.ca\SHARED\TBF\BusFunctions\SMP\BP‐ZTOPICS\Measuring Up\2015‐16\Excel Files\
                                           Outcome 4.xlsx/Life Expectancy at Birth                                                                                                                 Printed: 6/2/2
"
Life expectancy at birth,Provincial,2015,calendar year,81.87,years,,higher is better,2015-16,True,Budget PDFs/2015-2016 Annual Report.pdf,103,b897cb6cc181a0c13b9b1f32f0009b21d7bd2d678384ae94bb7077a242f01cfe,graph values manually paired withyear; sourcepage saved,Period life table; graph presents provincial and FirstNations/nonFirstNations populations.,Older source vintage; group estimates overlap but differ from later2017/2018 publications. Never join vintages without reconciliation; not recent outcomes.,"pdf                                                                                                     2015‐16 GoA Annual Report




                                  4
                                                                                                        Measuring Up ‐ Outcome 4
                                                                                                                                                                                                   2015‐16 GoA A
                      Outcome   Apdf
                                  health
                                     named:care  system that is sustainable, patient-focused and meets the needs of a
                                           15‐16_MUP_o4_leab.pdf
                                                                                                                                                                                                   Measuring Up
                                growing province.
                Influenza Immunization
                Albertans who have received the recommended annual
                influenza immunization (percentage)                                                             Life Expectancy at Birth (Provincial; First Nation;
                      INFLUENZA IMMUNIZATION (PERCENTAGE)                                                     LIFE EXPECTANCY AT BIRTH (YEARS)
                      Performance Measure                                                                     Performance Indicator
                                 91             89               88               90               90




                                                                                                                                                                                          82.30
                                                                                                                                                                          82.19
                                                                                                                                                         82.07
                                                                                                                        82.00




                                                                                                                                         82.02




                                                                                                                                                                                  81.87
                                                                                                                                                                  81.79
                                                                                                                                                 81.71
                                                                                                                                81.68
                                                                                                                81.59
                 85
                       61             60             64               61               63
                 65




                                                                                                                                                     72.52
                                                                                                                                    72.15




                                                                                                                                                                      71.60
                 45




                                                                                                                    70.79
                                                          34               34




                                                                                                                                                                                      70.36
                            29             30                                               33
                 25
                       2011-12        2012-13        2013-14          2014-15          2015-16           68
                        Seniors aged 65 and over                                                                  2011            2012             2013             2014             2015
                        Children aged 6 to 23 months                                                             Provincial             First Nations            Non-First Nations
                        Residents of long-term care facilities
                    Immunization rates for all three high risk groups were                                  There is a large difference in life expectancy for Alberta’s
                    below the 2015-16 targets. There was a two percentage                                pdfFirst Nations
                                                                                                              named:       population in comparison to Alberta’s Non-
                                                                                                                         15-16_MUP_o4_leab.pdf
                    point increase in the immunization rate for seniors aged                                First Nations population or the total provincial population.
                    65 and over,
                pdf named:        however, the target of 75 per cent was
                              15-16_MUP_o4_ii.pdf                                                           Life expectancy at birth in 2015 was 70.36 years for First
                    not met. The result of 33 per cent immunization rate for                                Nations people, which are about 12 years shorter than
                    children six months up to and including 23 months of age                                82.30 years for Non-First Nations people and 81.87 years
                    was well below the target of 75 per cent for 2015-16.                                   for the total provincial population.
                    The percentage of residents of long-term care facilities who
                                                                               In comparison to the statistics for Alberta’s provincial
                    were immunized was 90 per cent, below the target of 95
                                                                               population, the First Nations population experience a
                    per cent.
                                                                               higher number of pre-term births, an infant mortality rate
hati.pdf                                                                    2015‐16 GoA Annual Report
                   Alberta Health Services Zones have used a number of         that is more than one and a half times higher, a suicide
                                                                            Measuring Up ‐ Outcome 4
                   strategies to increase influenza immunization rates for     rate that is five to seven times higher, a higher rate of
                   young children, such as more drop-in clinics (including     diabetes and significantly higher rates of arthritis, asthma,
                   day and child care centres), and targeted reminder calls    heart disease and high blood pressure. To improve the
                   and  mail-outs.
                 Healthy Alberta Trend Index (HATi)*                           health status of a population, a broad range of factors
                                                                               need to be considered, including health services,
                 Health Risk Factors Per Person Aged 20–64 Years (average num
                                                                               personal health practices and coping skills, as well as
                   HEALTHY ALBERTA TREND INDEX                                 social factors such as housing and education.
                 3
                      (AVERAGE NUMBER) Performance Measure
                                                                                                              Addressing health inequities requires emphasis to be
                         2.17          2.17               2.22                              2.14
                                                                           2.12                               placed on primary prevention and advanced access
                  2
                                                                                                              to primary health care to enable early diagnosis and
                         2010          2011           2012             2013             2014                  treatment of diseases and conditions. The Government of
                                                                                                              Alberta has committed to addressing this health crisis.
                    The Healthy Alberta Trend Index (HATi) for 2014 was
                    2.14, slightly above the result of 2.12 in the previous                                   Alberta Health and Alberta Health Services are engaged
                    year. Both results remain higher than the target of                                       at trilateral Health Services Integration Fund /Joint Action
                    2.06. The HATi is a composite index that measures six,                                    Health Plan tables with Health Canada and Treaties 6, 7
                    self-reported complex health behaviours such as the                                       and 8 First Nations in Alberta. The tables aim to enhance
                    consumption of fruits and vegetables; physical activity;                                  relationships and collaborate on initiatives to improve
                    daily smoking; life stress; overweight/obesity; and binge                                 health outcomes of Indigenous peoples in Alberta.
                    drinking.
                 Source : Statistics Canada. Canadian Community Health Survey
                 (CCHS) Alberta Share File (file not publicly issued)
                   Shifts in the trends are driven by a range of factors
                   including to a large extent, social and economic
                 pdfconditions,
                     named: as   15-16_MUP_o4_hati.pdf
                                    well as by targeted policy and program
                   initiatives that are of sufficient reach, scope and dose to
                   have an effective impact on whole populations.

BF\BusFunctions\SMP\BP‐ZTOPICS\Measuring
                    MEASURING UP         Up\2015‐16\Excel Files\                                                                                                                              97
unization                                                                            Printed: 6/8/2016/2:51 PM
                                           \\GOA.ds.gov.ab.ca\SHARED\TBF\BusFunctions\SMP\BP‐ZTOPICS\Measuring Up\2015‐16\Excel Files\
                                           Outcome 4.xlsx/Life Expectancy at Birth                                                                                                                 Printed: 6/2/2
"
Life expectancy at birth,First Nations,2011,calendar year,70.79,years,,higher is better,2015-16,False,Budget PDFs/2015-2016 Annual Report.pdf,103,b897cb6cc181a0c13b9b1f32f0009b21d7bd2d678384ae94bb7077a242f01cfe,graph values manually paired withyear; sourcepage saved,Period life table; graph presents provincial and FirstNations/nonFirstNations populations.,Older source vintage; group estimates overlap but differ from later2017/2018 publications. Never join vintages without reconciliation; not recent outcomes.,"pdf                                                                                                     2015‐16 GoA Annual Report




                                  4
                                                                                                        Measuring Up ‐ Outcome 4
                                                                                                                                                                                                   2015‐16 GoA A
                      Outcome   Apdf
                                  health
                                     named:care  system that is sustainable, patient-focused and meets the needs of a
                                           15‐16_MUP_o4_leab.pdf
                                                                                                                                                                                                   Measuring Up
                                growing province.
                Influenza Immunization
                Albertans who have received the recommended annual
                influenza immunization (percentage)                                                             Life Expectancy at Birth (Provincial; First Nation;
                      INFLUENZA IMMUNIZATION (PERCENTAGE)                                                     LIFE EXPECTANCY AT BIRTH (YEARS)
                      Performance Measure                                                                     Performance Indicator
                                 91             89               88               90               90




                                                                                                                                                                                          82.30
                                                                                                                                                                          82.19
                                                                                                                                                         82.07
                                                                                                                        82.00




                                                                                                                                         82.02




                                                                                                                                                                                  81.87
                                                                                                                                                                  81.79
                                                                                                                                                 81.71
                                                                                                                                81.68
                                                                                                                81.59
                 85
                       61             60             64               61               63
                 65




                                                                                                                                                     72.52
                                                                                                                                    72.15




                                                                                                                                                                      71.60
                 45




                                                                                                                    70.79
                                                          34               34




                                                                                                                                                                                      70.36
                            29             30                                               33
                 25
                       2011-12        2012-13        2013-14          2014-15          2015-16           68
                        Seniors aged 65 and over                                                                  2011            2012             2013             2014             2015
                        Children aged 6 to 23 months                                                             Provincial             First Nations            Non-First Nations
                        Residents of long-term care facilities
                    Immunization rates for all three high risk groups were                                  There is a large difference in life expectancy for Alberta’s
                    below the 2015-16 targets. There was a two percentage                                pdfFirst Nations
                                                                                                              named:       population in comparison to Alberta’s Non-
                                                                                                                         15-16_MUP_o4_leab.pdf
                    point increase in the immunization rate for seniors aged                                First Nations population or the total provincial population.
                    65 and over,
                pdf named:        however, the target of 75 per cent was
                              15-16_MUP_o4_ii.pdf                                                           Life expectancy at birth in 2015 was 70.36 years for First
                    not met. The result of 33 per cent immunization rate for                                Nations people, which are about 12 years shorter than
                    children six months up to and including 23 months of age                                82.30 years for Non-First Nations people and 81.87 years
                    was well below the target of 75 per cent for 2015-16.                                   for the total provincial population.
                    The percentage of residents of long-term care facilities who
                                                                               In comparison to the statistics for Alberta’s provincial
                    were immunized was 90 per cent, below the target of 95
                                                                               population, the First Nations population experience a
                    per cent.
                                                                               higher number of pre-term births, an infant mortality rate
hati.pdf                                                                    2015‐16 GoA Annual Report
                   Alberta Health Services Zones have used a number of         that is more than one and a half times higher, a suicide
                                                                            Measuring Up ‐ Outcome 4
                   strategies to increase influenza immunization rates for     rate that is five to seven times higher, a higher rate of
                   young children, such as more drop-in clinics (including     diabetes and significantly higher rates of arthritis, asthma,
                   day and child care centres), and targeted reminder calls    heart disease and high blood pressure. To improve the
                   and  mail-outs.
                 Healthy Alberta Trend Index (HATi)*                           health status of a population, a broad range of factors
                                                                               need to be considered, including health services,
                 Health Risk Factors Per Person Aged 20–64 Years (average num
                                                                               personal health practices and coping skills, as well as
                   HEALTHY ALBERTA TREND INDEX                                 social factors such as housing and education.
                 3
                      (AVERAGE NUMBER) Performance Measure
                                                                                                              Addressing health inequities requires emphasis to be
                         2.17          2.17               2.22                              2.14
                                                                           2.12                               placed on primary prevention and advanced access
                  2
                                                                                                              to primary health care to enable early diagnosis and
                         2010          2011           2012             2013             2014                  treatment of diseases and conditions. The Government of
                                                                                                              Alberta has committed to addressing this health crisis.
                    The Healthy Alberta Trend Index (HATi) for 2014 was
                    2.14, slightly above the result of 2.12 in the previous                                   Alberta Health and Alberta Health Services are engaged
                    year. Both results remain higher than the target of                                       at trilateral Health Services Integration Fund /Joint Action
                    2.06. The HATi is a composite index that measures six,                                    Health Plan tables with Health Canada and Treaties 6, 7
                    self-reported complex health behaviours such as the                                       and 8 First Nations in Alberta. The tables aim to enhance
                    consumption of fruits and vegetables; physical activity;                                  relationships and collaborate on initiatives to improve
                    daily smoking; life stress; overweight/obesity; and binge                                 health outcomes of Indigenous peoples in Alberta.
                    drinking.
                 Source : Statistics Canada. Canadian Community Health Survey
                 (CCHS) Alberta Share File (file not publicly issued)
                   Shifts in the trends are driven by a range of factors
                   including to a large extent, social and economic
                 pdfconditions,
                     named: as   15-16_MUP_o4_hati.pdf
                                    well as by targeted policy and program
                   initiatives that are of sufficient reach, scope and dose to
                   have an effective impact on whole populations.

BF\BusFunctions\SMP\BP‐ZTOPICS\Measuring
                    MEASURING UP         Up\2015‐16\Excel Files\                                                                                                                              97
unization                                                                            Printed: 6/8/2016/2:51 PM
                                           \\GOA.ds.gov.ab.ca\SHARED\TBF\BusFunctions\SMP\BP‐ZTOPICS\Measuring Up\2015‐16\Excel Files\
                                           Outcome 4.xlsx/Life Expectancy at Birth                                                                                                                 Printed: 6/2/2
"
Life expectancy at birth,First Nations,2012,calendar year,72.15,years,,higher is better,2015-16,False,Budget PDFs/2015-2016 Annual Report.pdf,103,b897cb6cc181a0c13b9b1f32f0009b21d7bd2d678384ae94bb7077a242f01cfe,graph values manually paired withyear; sourcepage saved,Period life table; graph presents provincial and FirstNations/nonFirstNations populations.,Older source vintage; group estimates overlap but differ from later2017/2018 publications. Never join vintages without reconciliation; not recent outcomes.,"pdf                                                                                                     2015‐16 GoA Annual Report




                                  4
                                                                                                        Measuring Up ‐ Outcome 4
                                                                                                                                                                                                   2015‐16 GoA A
                      Outcome   Apdf
                                  health
                                     named:care  system that is sustainable, patient-focused and meets the needs of a
                                           15‐16_MUP_o4_leab.pdf
                                                                                                                                                                                                   Measuring Up
                                growing province.
                Influenza Immunization
                Albertans who have received the recommended annual
                influenza immunization (percentage)                                                             Life Expectancy at Birth (Provincial; First Nation;
                      INFLUENZA IMMUNIZATION (PERCENTAGE)                                                     LIFE EXPECTANCY AT BIRTH (YEARS)
                      Performance Measure                                                                     Performance Indicator
                                 91             89               88               90               90




                                                                                                                                                                                          82.30
                                                                                                                                                                          82.19
                                                                                                                                                         82.07
                                                                                                                        82.00




                                                                                                                                         82.02




                                                                                                                                                                                  81.87
                                                                                                                                                                  81.79
                                                                                                                                                 81.71
                                                                                                                                81.68
                                                                                                                81.59
                 85
                       61             60             64               61               63
                 65




                                                                                                                                                     72.52
                                                                                                                                    72.15




                                                                                                                                                                      71.60
                 45




                                                                                                                    70.79
                                                          34               34




                                                                                                                                                                                      70.36
                            29             30                                               33
                 25
                       2011-12        2012-13        2013-14          2014-15          2015-16           68
                        Seniors aged 65 and over                                                                  2011            2012             2013             2014             2015
                        Children aged 6 to 23 months                                                             Provincial             First Nations            Non-First Nations
                        Residents of long-term care facilities
                    Immunization rates for all three high risk groups were                                  There is a large difference in life expectancy for Alberta’s
                    below the 2015-16 targets. There was a two percentage                                pdfFirst Nations
                                                                                                              named:       population in comparison to Alberta’s Non-
                                                                                                                         15-16_MUP_o4_leab.pdf
                    point increase in the immunization rate for seniors aged                                First Nations population or the total provincial population.
                    65 and over,
                pdf named:        however, the target of 75 per cent was
                              15-16_MUP_o4_ii.pdf                                                           Life expectancy at birth in 2015 was 70.36 years for First
                    not met. The result of 33 per cent immunization rate for                                Nations people, which are about 12 years shorter than
                    children six months up to and including 23 months of age                                82.30 years for Non-First Nations people and 81.87 years
                    was well below the target of 75 per cent for 2015-16.                                   for the total provincial population.
                    The percentage of residents of long-term care facilities who
                                                                               In comparison to the statistics for Alberta’s provincial
                    were immunized was 90 per cent, below the target of 95
                                                                               population, the First Nations population experience a
                    per cent.
                                                                               higher number of pre-term births, an infant mortality rate
hati.pdf                                                                    2015‐16 GoA Annual Report
                   Alberta Health Services Zones have used a number of         that is more than one and a half times higher, a suicide
                                                                            Measuring Up ‐ Outcome 4
                   strategies to increase influenza immunization rates for     rate that is five to seven times higher, a higher rate of
                   young children, such as more drop-in clinics (including     diabetes and significantly higher rates of arthritis, asthma,
                   day and child care centres), and targeted reminder calls    heart disease and high blood pressure. To improve the
                   and  mail-outs.
                 Healthy Alberta Trend Index (HATi)*                           health status of a population, a broad range of factors
                                                                               need to be considered, including health services,
                 Health Risk Factors Per Person Aged 20–64 Years (average num
                                                                               personal health practices and coping skills, as well as
                   HEALTHY ALBERTA TREND INDEX                                 social factors such as housing and education.
                 3
                      (AVERAGE NUMBER) Performance Measure
                                                                                                              Addressing health inequities requires emphasis to be
                         2.17          2.17               2.22                              2.14
                                                                           2.12                               placed on primary prevention and advanced access
                  2
                                                                                                              to primary health care to enable early diagnosis and
                         2010          2011           2012             2013             2014                  treatment of diseases and conditions. The Government of
                                                                                                              Alberta has committed to addressing this health crisis.
                    The Healthy Alberta Trend Index (HATi) for 2014 was
                    2.14, slightly above the result of 2.12 in the previous                                   Alberta Health and Alberta Health Services are engaged
                    year. Both results remain higher than the target of                                       at trilateral Health Services Integration Fund /Joint Action
                    2.06. The HATi is a composite index that measures six,                                    Health Plan tables with Health Canada and Treaties 6, 7
                    self-reported complex health behaviours such as the                                       and 8 First Nations in Alberta. The tables aim to enhance
                    consumption of fruits and vegetables; physical activity;                                  relationships and collaborate on initiatives to improve
                    daily smoking; life stress; overweight/obesity; and binge                                 health outcomes of Indigenous peoples in Alberta.
                    drinking.
                 Source : Statistics Canada. Canadian Community Health Survey
                 (CCHS) Alberta Share File (file not publicly issued)
                   Shifts in the trends are driven by a range of factors
                   including to a large extent, social and economic
                 pdfconditions,
                     named: as   15-16_MUP_o4_hati.pdf
                                    well as by targeted policy and program
                   initiatives that are of sufficient reach, scope and dose to
                   have an effective impact on whole populations.

BF\BusFunctions\SMP\BP‐ZTOPICS\Measuring
                    MEASURING UP         Up\2015‐16\Excel Files\                                                                                                                              97
unization                                                                            Printed: 6/8/2016/2:51 PM
                                           \\GOA.ds.gov.ab.ca\SHARED\TBF\BusFunctions\SMP\BP‐ZTOPICS\Measuring Up\2015‐16\Excel Files\
                                           Outcome 4.xlsx/Life Expectancy at Birth                                                                                                                 Printed: 6/2/2
"
Life expectancy at birth,First Nations,2013,calendar year,72.52,years,,higher is better,2015-16,False,Budget PDFs/2015-2016 Annual Report.pdf,103,b897cb6cc181a0c13b9b1f32f0009b21d7bd2d678384ae94bb7077a242f01cfe,graph values manually paired withyear; sourcepage saved,Period life table; graph presents provincial and FirstNations/nonFirstNations populations.,Older source vintage; group estimates overlap but differ from later2017/2018 publications. Never join vintages without reconciliation; not recent outcomes.,"pdf                                                                                                     2015‐16 GoA Annual Report




                                  4
                                                                                                        Measuring Up ‐ Outcome 4
                                                                                                                                                                                                   2015‐16 GoA A
                      Outcome   Apdf
                                  health
                                     named:care  system that is sustainable, patient-focused and meets the needs of a
                                           15‐16_MUP_o4_leab.pdf
                                                                                                                                                                                                   Measuring Up
                                growing province.
                Influenza Immunization
                Albertans who have received the recommended annual
                influenza immunization (percentage)                                                             Life Expectancy at Birth (Provincial; First Nation;
                      INFLUENZA IMMUNIZATION (PERCENTAGE)                                                     LIFE EXPECTANCY AT BIRTH (YEARS)
                      Performance Measure                                                                     Performance Indicator
                                 91             89               88               90               90




                                                                                                                                                                                          82.30
                                                                                                                                                                          82.19
                                                                                                                                                         82.07
                                                                                                                        82.00




                                                                                                                                         82.02




                                                                                                                                                                                  81.87
                                                                                                                                                                  81.79
                                                                                                                                                 81.71
                                                                                                                                81.68
                                                                                                                81.59
                 85
                       61             60             64               61               63
                 65




                                                                                                                                                     72.52
                                                                                                                                    72.15




                                                                                                                                                                      71.60
                 45




                                                                                                                    70.79
                                                          34               34




                                                                                                                                                                                      70.36
                            29             30                                               33
                 25
                       2011-12        2012-13        2013-14          2014-15          2015-16           68
                        Seniors aged 65 and over                                                                  2011            2012             2013             2014             2015
                        Children aged 6 to 23 months                                                             Provincial             First Nations            Non-First Nations
                        Residents of long-term care facilities
                    Immunization rates for all three high risk groups were                                  There is a large difference in life expectancy for Alberta’s
                    below the 2015-16 targets. There was a two percentage                                pdfFirst Nations
                                                                                                              named:       population in comparison to Alberta’s Non-
                                                                                                                         15-16_MUP_o4_leab.pdf
                    point increase in the immunization rate for seniors aged                                First Nations population or the total provincial population.
                    65 and over,
                pdf named:        however, the target of 75 per cent was
                              15-16_MUP_o4_ii.pdf                                                           Life expectancy at birth in 2015 was 70.36 years for First
                    not met. The result of 33 per cent immunization rate for                                Nations people, which are about 12 years shorter than
                    children six months up to and including 23 months of age                                82.30 years for Non-First Nations people and 81.87 years
                    was well below the target of 75 per cent for 2015-16.                                   for the total provincial population.
                    The percentage of residents of long-term care facilities who
                                                                               In comparison to the statistics for Alberta’s provincial
                    were immunized was 90 per cent, below the target of 95
                                                                               population, the First Nations population experience a
                    per cent.
                                                                               higher number of pre-term births, an infant mortality rate
hati.pdf                                                                    2015‐16 GoA Annual Report
                   Alberta Health Services Zones have used a number of         that is more than one and a half times higher, a suicide
                                                                            Measuring Up ‐ Outcome 4
                   strategies to increase influenza immunization rates for     rate that is five to seven times higher, a higher rate of
                   young children, such as more drop-in clinics (including     diabetes and significantly higher rates of arthritis, asthma,
                   day and child care centres), and targeted reminder calls    heart disease and high blood pressure. To improve the
                   and  mail-outs.
                 Healthy Alberta Trend Index (HATi)*                           health status of a population, a broad range of factors
                                                                               need to be considered, including health services,
                 Health Risk Factors Per Person Aged 20–64 Years (average num
                                                                               personal health practices and coping skills, as well as
                   HEALTHY ALBERTA TREND INDEX                                 social factors such as housing and education.
                 3
                      (AVERAGE NUMBER) Performance Measure
                                                                                                              Addressing health inequities requires emphasis to be
                         2.17          2.17               2.22                              2.14
                                                                           2.12                               placed on primary prevention and advanced access
                  2
                                                                                                              to primary health care to enable early diagnosis and
                         2010          2011           2012             2013             2014                  treatment of diseases and conditions. The Government of
                                                                                                              Alberta has committed to addressing this health crisis.
                    The Healthy Alberta Trend Index (HATi) for 2014 was
                    2.14, slightly above the result of 2.12 in the previous                                   Alberta Health and Alberta Health Services are engaged
                    year. Both results remain higher than the target of                                       at trilateral Health Services Integration Fund /Joint Action
                    2.06. The HATi is a composite index that measures six,                                    Health Plan tables with Health Canada and Treaties 6, 7
                    self-reported complex health behaviours such as the                                       and 8 First Nations in Alberta. The tables aim to enhance
                    consumption of fruits and vegetables; physical activity;                                  relationships and collaborate on initiatives to improve
                    daily smoking; life stress; overweight/obesity; and binge                                 health outcomes of Indigenous peoples in Alberta.
                    drinking.
                 Source : Statistics Canada. Canadian Community Health Survey
                 (CCHS) Alberta Share File (file not publicly issued)
                   Shifts in the trends are driven by a range of factors
                   including to a large extent, social and economic
                 pdfconditions,
                     named: as   15-16_MUP_o4_hati.pdf
                                    well as by targeted policy and program
                   initiatives that are of sufficient reach, scope and dose to
                   have an effective impact on whole populations.

BF\BusFunctions\SMP\BP‐ZTOPICS\Measuring
                    MEASURING UP         Up\2015‐16\Excel Files\                                                                                                                              97
unization                                                                            Printed: 6/8/2016/2:51 PM
                                           \\GOA.ds.gov.ab.ca\SHARED\TBF\BusFunctions\SMP\BP‐ZTOPICS\Measuring Up\2015‐16\Excel Files\
                                           Outcome 4.xlsx/Life Expectancy at Birth                                                                                                                 Printed: 6/2/2
"
Life expectancy at birth,First Nations,2014,calendar year,71.6,years,,higher is better,2015-16,False,Budget PDFs/2015-2016 Annual Report.pdf,103,b897cb6cc181a0c13b9b1f32f0009b21d7bd2d678384ae94bb7077a242f01cfe,graph values manually paired withyear; sourcepage saved,Period life table; graph presents provincial and FirstNations/nonFirstNations populations.,Older source vintage; group estimates overlap but differ from later2017/2018 publications. Never join vintages without reconciliation; not recent outcomes.,"pdf                                                                                                     2015‐16 GoA Annual Report




                                  4
                                                                                                        Measuring Up ‐ Outcome 4
                                                                                                                                                                                                   2015‐16 GoA A
                      Outcome   Apdf
                                  health
                                     named:care  system that is sustainable, patient-focused and meets the needs of a
                                           15‐16_MUP_o4_leab.pdf
                                                                                                                                                                                                   Measuring Up
                                growing province.
                Influenza Immunization
                Albertans who have received the recommended annual
                influenza immunization (percentage)                                                             Life Expectancy at Birth (Provincial; First Nation;
                      INFLUENZA IMMUNIZATION (PERCENTAGE)                                                     LIFE EXPECTANCY AT BIRTH (YEARS)
                      Performance Measure                                                                     Performance Indicator
                                 91             89               88               90               90




                                                                                                                                                                                          82.30
                                                                                                                                                                          82.19
                                                                                                                                                         82.07
                                                                                                                        82.00




                                                                                                                                         82.02




                                                                                                                                                                                  81.87
                                                                                                                                                                  81.79
                                                                                                                                                 81.71
                                                                                                                                81.68
                                                                                                                81.59
                 85
                       61             60             64               61               63
                 65




                                                                                                                                                     72.52
                                                                                                                                    72.15




                                                                                                                                                                      71.60
                 45




                                                                                                                    70.79
                                                          34               34




                                                                                                                                                                                      70.36
                            29             30                                               33
                 25
                       2011-12        2012-13        2013-14          2014-15          2015-16           68
                        Seniors aged 65 and over                                                                  2011            2012             2013             2014             2015
                        Children aged 6 to 23 months                                                             Provincial             First Nations            Non-First Nations
                        Residents of long-term care facilities
                    Immunization rates for all three high risk groups were                                  There is a large difference in life expectancy for Alberta’s
                    below the 2015-16 targets. There was a two percentage                                pdfFirst Nations
                                                                                                              named:       population in comparison to Alberta’s Non-
                                                                                                                         15-16_MUP_o4_leab.pdf
                    point increase in the immunization rate for seniors aged                                First Nations population or the total provincial population.
                    65 and over,
                pdf named:        however, the target of 75 per cent was
                              15-16_MUP_o4_ii.pdf                                                           Life expectancy at birth in 2015 was 70.36 years for First
                    not met. The result of 33 per cent immunization rate for                                Nations people, which are about 12 years shorter than
                    children six months up to and including 23 months of age                                82.30 years for Non-First Nations people and 81.87 years
                    was well below the target of 75 per cent for 2015-16.                                   for the total provincial population.
                    The percentage of residents of long-term care facilities who
                                                                               In comparison to the statistics for Alberta’s provincial
                    were immunized was 90 per cent, below the target of 95
                                                                               population, the First Nations population experience a
                    per cent.
                                                                               higher number of pre-term births, an infant mortality rate
hati.pdf                                                                    2015‐16 GoA Annual Report
                   Alberta Health Services Zones have used a number of         that is more than one and a half times higher, a suicide
                                                                            Measuring Up ‐ Outcome 4
                   strategies to increase influenza immunization rates for     rate that is five to seven times higher, a higher rate of
                   young children, such as more drop-in clinics (including     diabetes and significantly higher rates of arthritis, asthma,
                   day and child care centres), and targeted reminder calls    heart disease and high blood pressure. To improve the
                   and  mail-outs.
                 Healthy Alberta Trend Index (HATi)*                           health status of a population, a broad range of factors
                                                                               need to be considered, including health services,
                 Health Risk Factors Per Person Aged 20–64 Years (average num
                                                                               personal health practices and coping skills, as well as
                   HEALTHY ALBERTA TREND INDEX                                 social factors such as housing and education.
                 3
                      (AVERAGE NUMBER) Performance Measure
                                                                                                              Addressing health inequities requires emphasis to be
                         2.17          2.17               2.22                              2.14
                                                                           2.12                               placed on primary prevention and advanced access
                  2
                                                                                                              to primary health care to enable early diagnosis and
                         2010          2011           2012             2013             2014                  treatment of diseases and conditions. The Government of
                                                                                                              Alberta has committed to addressing this health crisis.
                    The Healthy Alberta Trend Index (HATi) for 2014 was
                    2.14, slightly above the result of 2.12 in the previous                                   Alberta Health and Alberta Health Services are engaged
                    year. Both results remain higher than the target of                                       at trilateral Health Services Integration Fund /Joint Action
                    2.06. The HATi is a composite index that measures six,                                    Health Plan tables with Health Canada and Treaties 6, 7
                    self-reported complex health behaviours such as the                                       and 8 First Nations in Alberta. The tables aim to enhance
                    consumption of fruits and vegetables; physical activity;                                  relationships and collaborate on initiatives to improve
                    daily smoking; life stress; overweight/obesity; and binge                                 health outcomes of Indigenous peoples in Alberta.
                    drinking.
                 Source : Statistics Canada. Canadian Community Health Survey
                 (CCHS) Alberta Share File (file not publicly issued)
                   Shifts in the trends are driven by a range of factors
                   including to a large extent, social and economic
                 pdfconditions,
                     named: as   15-16_MUP_o4_hati.pdf
                                    well as by targeted policy and program
                   initiatives that are of sufficient reach, scope and dose to
                   have an effective impact on whole populations.

BF\BusFunctions\SMP\BP‐ZTOPICS\Measuring
                    MEASURING UP         Up\2015‐16\Excel Files\                                                                                                                              97
unization                                                                            Printed: 6/8/2016/2:51 PM
                                           \\GOA.ds.gov.ab.ca\SHARED\TBF\BusFunctions\SMP\BP‐ZTOPICS\Measuring Up\2015‐16\Excel Files\
                                           Outcome 4.xlsx/Life Expectancy at Birth                                                                                                                 Printed: 6/2/2
"
Life expectancy at birth,First Nations,2015,calendar year,70.36,years,,higher is better,2015-16,False,Budget PDFs/2015-2016 Annual Report.pdf,103,b897cb6cc181a0c13b9b1f32f0009b21d7bd2d678384ae94bb7077a242f01cfe,graph values manually paired withyear; sourcepage saved,Period life table; graph presents provincial and FirstNations/nonFirstNations populations.,Older source vintage; group estimates overlap but differ from later2017/2018 publications. Never join vintages without reconciliation; not recent outcomes.,"pdf                                                                                                     2015‐16 GoA Annual Report




                                  4
                                                                                                        Measuring Up ‐ Outcome 4
                                                                                                                                                                                                   2015‐16 GoA A
                      Outcome   Apdf
                                  health
                                     named:care  system that is sustainable, patient-focused and meets the needs of a
                                           15‐16_MUP_o4_leab.pdf
                                                                                                                                                                                                   Measuring Up
                                growing province.
                Influenza Immunization
                Albertans who have received the recommended annual
                influenza immunization (percentage)                                                             Life Expectancy at Birth (Provincial; First Nation;
                      INFLUENZA IMMUNIZATION (PERCENTAGE)                                                     LIFE EXPECTANCY AT BIRTH (YEARS)
                      Performance Measure                                                                     Performance Indicator
                                 91             89               88               90               90




                                                                                                                                                                                          82.30
                                                                                                                                                                          82.19
                                                                                                                                                         82.07
                                                                                                                        82.00




                                                                                                                                         82.02




                                                                                                                                                                                  81.87
                                                                                                                                                                  81.79
                                                                                                                                                 81.71
                                                                                                                                81.68
                                                                                                                81.59
                 85
                       61             60             64               61               63
                 65




                                                                                                                                                     72.52
                                                                                                                                    72.15




                                                                                                                                                                      71.60
                 45




                                                                                                                    70.79
                                                          34               34




                                                                                                                                                                                      70.36
                            29             30                                               33
                 25
                       2011-12        2012-13        2013-14          2014-15          2015-16           68
                        Seniors aged 65 and over                                                                  2011            2012             2013             2014             2015
                        Children aged 6 to 23 months                                                             Provincial             First Nations            Non-First Nations
                        Residents of long-term care facilities
                    Immunization rates for all three high risk groups were                                  There is a large difference in life expectancy for Alberta’s
                    below the 2015-16 targets. There was a two percentage                                pdfFirst Nations
                                                                                                              named:       population in comparison to Alberta’s Non-
                                                                                                                         15-16_MUP_o4_leab.pdf
                    point increase in the immunization rate for seniors aged                                First Nations population or the total provincial population.
                    65 and over,
                pdf named:        however, the target of 75 per cent was
                              15-16_MUP_o4_ii.pdf                                                           Life expectancy at birth in 2015 was 70.36 years for First
                    not met. The result of 33 per cent immunization rate for                                Nations people, which are about 12 years shorter than
                    children six months up to and including 23 months of age                                82.30 years for Non-First Nations people and 81.87 years
                    was well below the target of 75 per cent for 2015-16.                                   for the total provincial population.
                    The percentage of residents of long-term care facilities who
                                                                               In comparison to the statistics for Alberta’s provincial
                    were immunized was 90 per cent, below the target of 95
                                                                               population, the First Nations population experience a
                    per cent.
                                                                               higher number of pre-term births, an infant mortality rate
hati.pdf                                                                    2015‐16 GoA Annual Report
                   Alberta Health Services Zones have used a number of         that is more than one and a half times higher, a suicide
                                                                            Measuring Up ‐ Outcome 4
                   strategies to increase influenza immunization rates for     rate that is five to seven times higher, a higher rate of
                   young children, such as more drop-in clinics (including     diabetes and significantly higher rates of arthritis, asthma,
                   day and child care centres), and targeted reminder calls    heart disease and high blood pressure. To improve the
                   and  mail-outs.
                 Healthy Alberta Trend Index (HATi)*                           health status of a population, a broad range of factors
                                                                               need to be considered, including health services,
                 Health Risk Factors Per Person Aged 20–64 Years (average num
                                                                               personal health practices and coping skills, as well as
                   HEALTHY ALBERTA TREND INDEX                                 social factors such as housing and education.
                 3
                      (AVERAGE NUMBER) Performance Measure
                                                                                                              Addressing health inequities requires emphasis to be
                         2.17          2.17               2.22                              2.14
                                                                           2.12                               placed on primary prevention and advanced access
                  2
                                                                                                              to primary health care to enable early diagnosis and
                         2010          2011           2012             2013             2014                  treatment of diseases and conditions. The Government of
                                                                                                              Alberta has committed to addressing this health crisis.
                    The Healthy Alberta Trend Index (HATi) for 2014 was
                    2.14, slightly above the result of 2.12 in the previous                                   Alberta Health and Alberta Health Services are engaged
                    year. Both results remain higher than the target of                                       at trilateral Health Services Integration Fund /Joint Action
                    2.06. The HATi is a composite index that measures six,                                    Health Plan tables with Health Canada and Treaties 6, 7
                    self-reported complex health behaviours such as the                                       and 8 First Nations in Alberta. The tables aim to enhance
                    consumption of fruits and vegetables; physical activity;                                  relationships and collaborate on initiatives to improve
                    daily smoking; life stress; overweight/obesity; and binge                                 health outcomes of Indigenous peoples in Alberta.
                    drinking.
                 Source : Statistics Canada. Canadian Community Health Survey
                 (CCHS) Alberta Share File (file not publicly issued)
                   Shifts in the trends are driven by a range of factors
                   including to a large extent, social and economic
                 pdfconditions,
                     named: as   15-16_MUP_o4_hati.pdf
                                    well as by targeted policy and program
                   initiatives that are of sufficient reach, scope and dose to
                   have an effective impact on whole populations.

BF\BusFunctions\SMP\BP‐ZTOPICS\Measuring
                    MEASURING UP         Up\2015‐16\Excel Files\                                                                                                                              97
unization                                                                            Printed: 6/8/2016/2:51 PM
                                           \\GOA.ds.gov.ab.ca\SHARED\TBF\BusFunctions\SMP\BP‐ZTOPICS\Measuring Up\2015‐16\Excel Files\
                                           Outcome 4.xlsx/Life Expectancy at Birth                                                                                                                 Printed: 6/2/2
"
Life expectancy at birth,Non-First Nations,2011,calendar year,82.0,years,,higher is better,2015-16,False,Budget PDFs/2015-2016 Annual Report.pdf,103,b897cb6cc181a0c13b9b1f32f0009b21d7bd2d678384ae94bb7077a242f01cfe,graph values manually paired withyear; sourcepage saved,Period life table; graph presents provincial and FirstNations/nonFirstNations populations.,Older source vintage; group estimates overlap but differ from later2017/2018 publications. Never join vintages without reconciliation; not recent outcomes.,"pdf                                                                                                     2015‐16 GoA Annual Report




                                  4
                                                                                                        Measuring Up ‐ Outcome 4
                                                                                                                                                                                                   2015‐16 GoA A
                      Outcome   Apdf
                                  health
                                     named:care  system that is sustainable, patient-focused and meets the needs of a
                                           15‐16_MUP_o4_leab.pdf
                                                                                                                                                                                                   Measuring Up
                                growing province.
                Influenza Immunization
                Albertans who have received the recommended annual
                influenza immunization (percentage)                                                             Life Expectancy at Birth (Provincial; First Nation;
                      INFLUENZA IMMUNIZATION (PERCENTAGE)                                                     LIFE EXPECTANCY AT BIRTH (YEARS)
                      Performance Measure                                                                     Performance Indicator
                                 91             89               88               90               90




                                                                                                                                                                                          82.30
                                                                                                                                                                          82.19
                                                                                                                                                         82.07
                                                                                                                        82.00




                                                                                                                                         82.02




                                                                                                                                                                                  81.87
                                                                                                                                                                  81.79
                                                                                                                                                 81.71
                                                                                                                                81.68
                                                                                                                81.59
                 85
                       61             60             64               61               63
                 65




                                                                                                                                                     72.52
                                                                                                                                    72.15




                                                                                                                                                                      71.60
                 45




                                                                                                                    70.79
                                                          34               34




                                                                                                                                                                                      70.36
                            29             30                                               33
                 25
                       2011-12        2012-13        2013-14          2014-15          2015-16           68
                        Seniors aged 65 and over                                                                  2011            2012             2013             2014             2015
                        Children aged 6 to 23 months                                                             Provincial             First Nations            Non-First Nations
                        Residents of long-term care facilities
                    Immunization rates for all three high risk groups were                                  There is a large difference in life expectancy for Alberta’s
                    below the 2015-16 targets. There was a two percentage                                pdfFirst Nations
                                                                                                              named:       population in comparison to Alberta’s Non-
                                                                                                                         15-16_MUP_o4_leab.pdf
                    point increase in the immunization rate for seniors aged                                First Nations population or the total provincial population.
                    65 and over,
                pdf named:        however, the target of 75 per cent was
                              15-16_MUP_o4_ii.pdf                                                           Life expectancy at birth in 2015 was 70.36 years for First
                    not met. The result of 33 per cent immunization rate for                                Nations people, which are about 12 years shorter than
                    children six months up to and including 23 months of age                                82.30 years for Non-First Nations people and 81.87 years
                    was well below the target of 75 per cent for 2015-16.                                   for the total provincial population.
                    The percentage of residents of long-term care facilities who
                                                                               In comparison to the statistics for Alberta’s provincial
                    were immunized was 90 per cent, below the target of 95
                                                                               population, the First Nations population experience a
                    per cent.
                                                                               higher number of pre-term births, an infant mortality rate
hati.pdf                                                                    2015‐16 GoA Annual Report
                   Alberta Health Services Zones have used a number of         that is more than one and a half times higher, a suicide
                                                                            Measuring Up ‐ Outcome 4
                   strategies to increase influenza immunization rates for     rate that is five to seven times higher, a higher rate of
                   young children, such as more drop-in clinics (including     diabetes and significantly higher rates of arthritis, asthma,
                   day and child care centres), and targeted reminder calls    heart disease and high blood pressure. To improve the
                   and  mail-outs.
                 Healthy Alberta Trend Index (HATi)*                           health status of a population, a broad range of factors
                                                                               need to be considered, including health services,
                 Health Risk Factors Per Person Aged 20–64 Years (average num
                                                                               personal health practices and coping skills, as well as
                   HEALTHY ALBERTA TREND INDEX                                 social factors such as housing and education.
                 3
                      (AVERAGE NUMBER) Performance Measure
                                                                                                              Addressing health inequities requires emphasis to be
                         2.17          2.17               2.22                              2.14
                                                                           2.12                               placed on primary prevention and advanced access
                  2
                                                                                                              to primary health care to enable early diagnosis and
                         2010          2011           2012             2013             2014                  treatment of diseases and conditions. The Government of
                                                                                                              Alberta has committed to addressing this health crisis.
                    The Healthy Alberta Trend Index (HATi) for 2014 was
                    2.14, slightly above the result of 2.12 in the previous                                   Alberta Health and Alberta Health Services are engaged
                    year. Both results remain higher than the target of                                       at trilateral Health Services Integration Fund /Joint Action
                    2.06. The HATi is a composite index that measures six,                                    Health Plan tables with Health Canada and Treaties 6, 7
                    self-reported complex health behaviours such as the                                       and 8 First Nations in Alberta. The tables aim to enhance
                    consumption of fruits and vegetables; physical activity;                                  relationships and collaborate on initiatives to improve
                    daily smoking; life stress; overweight/obesity; and binge                                 health outcomes of Indigenous peoples in Alberta.
                    drinking.
                 Source : Statistics Canada. Canadian Community Health Survey
                 (CCHS) Alberta Share File (file not publicly issued)
                   Shifts in the trends are driven by a range of factors
                   including to a large extent, social and economic
                 pdfconditions,
                     named: as   15-16_MUP_o4_hati.pdf
                                    well as by targeted policy and program
                   initiatives that are of sufficient reach, scope and dose to
                   have an effective impact on whole populations.

BF\BusFunctions\SMP\BP‐ZTOPICS\Measuring
                    MEASURING UP         Up\2015‐16\Excel Files\                                                                                                                              97
unization                                                                            Printed: 6/8/2016/2:51 PM
                                           \\GOA.ds.gov.ab.ca\SHARED\TBF\BusFunctions\SMP\BP‐ZTOPICS\Measuring Up\2015‐16\Excel Files\
                                           Outcome 4.xlsx/Life Expectancy at Birth                                                                                                                 Printed: 6/2/2
"
Life expectancy at birth,Non-First Nations,2012,calendar year,82.02,years,,higher is better,2015-16,False,Budget PDFs/2015-2016 Annual Report.pdf,103,b897cb6cc181a0c13b9b1f32f0009b21d7bd2d678384ae94bb7077a242f01cfe,graph values manually paired withyear; sourcepage saved,Period life table; graph presents provincial and FirstNations/nonFirstNations populations.,Older source vintage; group estimates overlap but differ from later2017/2018 publications. Never join vintages without reconciliation; not recent outcomes.,"pdf                                                                                                     2015‐16 GoA Annual Report




                                  4
                                                                                                        Measuring Up ‐ Outcome 4
                                                                                                                                                                                                   2015‐16 GoA A
                      Outcome   Apdf
                                  health
                                     named:care  system that is sustainable, patient-focused and meets the needs of a
                                           15‐16_MUP_o4_leab.pdf
                                                                                                                                                                                                   Measuring Up
                                growing province.
                Influenza Immunization
                Albertans who have received the recommended annual
                influenza immunization (percentage)                                                             Life Expectancy at Birth (Provincial; First Nation;
                      INFLUENZA IMMUNIZATION (PERCENTAGE)                                                     LIFE EXPECTANCY AT BIRTH (YEARS)
                      Performance Measure                                                                     Performance Indicator
                                 91             89               88               90               90




                                                                                                                                                                                          82.30
                                                                                                                                                                          82.19
                                                                                                                                                         82.07
                                                                                                                        82.00




                                                                                                                                         82.02




                                                                                                                                                                                  81.87
                                                                                                                                                                  81.79
                                                                                                                                                 81.71
                                                                                                                                81.68
                                                                                                                81.59
                 85
                       61             60             64               61               63
                 65




                                                                                                                                                     72.52
                                                                                                                                    72.15




                                                                                                                                                                      71.60
                 45




                                                                                                                    70.79
                                                          34               34




                                                                                                                                                                                      70.36
                            29             30                                               33
                 25
                       2011-12        2012-13        2013-14          2014-15          2015-16           68
                        Seniors aged 65 and over                                                                  2011            2012             2013             2014             2015
                        Children aged 6 to 23 months                                                             Provincial             First Nations            Non-First Nations
                        Residents of long-term care facilities
                    Immunization rates for all three high risk groups were                                  There is a large difference in life expectancy for Alberta’s
                    below the 2015-16 targets. There was a two percentage                                pdfFirst Nations
                                                                                                              named:       population in comparison to Alberta’s Non-
                                                                                                                         15-16_MUP_o4_leab.pdf
                    point increase in the immunization rate for seniors aged                                First Nations population or the total provincial population.
                    65 and over,
                pdf named:        however, the target of 75 per cent was
                              15-16_MUP_o4_ii.pdf                                                           Life expectancy at birth in 2015 was 70.36 years for First
                    not met. The result of 33 per cent immunization rate for                                Nations people, which are about 12 years shorter than
                    children six months up to and including 23 months of age                                82.30 years for Non-First Nations people and 81.87 years
                    was well below the target of 75 per cent for 2015-16.                                   for the total provincial population.
                    The percentage of residents of long-term care facilities who
                                                                               In comparison to the statistics for Alberta’s provincial
                    were immunized was 90 per cent, below the target of 95
                                                                               population, the First Nations population experience a
                    per cent.
                                                                               higher number of pre-term births, an infant mortality rate
hati.pdf                                                                    2015‐16 GoA Annual Report
                   Alberta Health Services Zones have used a number of         that is more than one and a half times higher, a suicide
                                                                            Measuring Up ‐ Outcome 4
                   strategies to increase influenza immunization rates for     rate that is five to seven times higher, a higher rate of
                   young children, such as more drop-in clinics (including     diabetes and significantly higher rates of arthritis, asthma,
                   day and child care centres), and targeted reminder calls    heart disease and high blood pressure. To improve the
                   and  mail-outs.
                 Healthy Alberta Trend Index (HATi)*                           health status of a population, a broad range of factors
                                                                               need to be considered, including health services,
                 Health Risk Factors Per Person Aged 20–64 Years (average num
                                                                               personal health practices and coping skills, as well as
                   HEALTHY ALBERTA TREND INDEX                                 social factors such as housing and education.
                 3
                      (AVERAGE NUMBER) Performance Measure
                                                                                                              Addressing health inequities requires emphasis to be
                         2.17          2.17               2.22                              2.14
                                                                           2.12                               placed on primary prevention and advanced access
                  2
                                                                                                              to primary health care to enable early diagnosis and
                         2010          2011           2012             2013             2014                  treatment of diseases and conditions. The Government of
                                                                                                              Alberta has committed to addressing this health crisis.
                    The Healthy Alberta Trend Index (HATi) for 2014 was
                    2.14, slightly above the result of 2.12 in the previous                                   Alberta Health and Alberta Health Services are engaged
                    year. Both results remain higher than the target of                                       at trilateral Health Services Integration Fund /Joint Action
                    2.06. The HATi is a composite index that measures six,                                    Health Plan tables with Health Canada and Treaties 6, 7
                    self-reported complex health behaviours such as the                                       and 8 First Nations in Alberta. The tables aim to enhance
                    consumption of fruits and vegetables; physical activity;                                  relationships and collaborate on initiatives to improve
                    daily smoking; life stress; overweight/obesity; and binge                                 health outcomes of Indigenous peoples in Alberta.
                    drinking.
                 Source : Statistics Canada. Canadian Community Health Survey
                 (CCHS) Alberta Share File (file not publicly issued)
                   Shifts in the trends are driven by a range of factors
                   including to a large extent, social and economic
                 pdfconditions,
                     named: as   15-16_MUP_o4_hati.pdf
                                    well as by targeted policy and program
                   initiatives that are of sufficient reach, scope and dose to
                   have an effective impact on whole populations.

BF\BusFunctions\SMP\BP‐ZTOPICS\Measuring
                    MEASURING UP         Up\2015‐16\Excel Files\                                                                                                                              97
unization                                                                            Printed: 6/8/2016/2:51 PM
                                           \\GOA.ds.gov.ab.ca\SHARED\TBF\BusFunctions\SMP\BP‐ZTOPICS\Measuring Up\2015‐16\Excel Files\
                                           Outcome 4.xlsx/Life Expectancy at Birth                                                                                                                 Printed: 6/2/2
"
Life expectancy at birth,Non-First Nations,2013,calendar year,82.07,years,,higher is better,2015-16,False,Budget PDFs/2015-2016 Annual Report.pdf,103,b897cb6cc181a0c13b9b1f32f0009b21d7bd2d678384ae94bb7077a242f01cfe,graph values manually paired withyear; sourcepage saved,Period life table; graph presents provincial and FirstNations/nonFirstNations populations.,Older source vintage; group estimates overlap but differ from later2017/2018 publications. Never join vintages without reconciliation; not recent outcomes.,"pdf                                                                                                     2015‐16 GoA Annual Report




                                  4
                                                                                                        Measuring Up ‐ Outcome 4
                                                                                                                                                                                                   2015‐16 GoA A
                      Outcome   Apdf
                                  health
                                     named:care  system that is sustainable, patient-focused and meets the needs of a
                                           15‐16_MUP_o4_leab.pdf
                                                                                                                                                                                                   Measuring Up
                                growing province.
                Influenza Immunization
                Albertans who have received the recommended annual
                influenza immunization (percentage)                                                             Life Expectancy at Birth (Provincial; First Nation;
                      INFLUENZA IMMUNIZATION (PERCENTAGE)                                                     LIFE EXPECTANCY AT BIRTH (YEARS)
                      Performance Measure                                                                     Performance Indicator
                                 91             89               88               90               90




                                                                                                                                                                                          82.30
                                                                                                                                                                          82.19
                                                                                                                                                         82.07
                                                                                                                        82.00




                                                                                                                                         82.02




                                                                                                                                                                                  81.87
                                                                                                                                                                  81.79
                                                                                                                                                 81.71
                                                                                                                                81.68
                                                                                                                81.59
                 85
                       61             60             64               61               63
                 65




                                                                                                                                                     72.52
                                                                                                                                    72.15




                                                                                                                                                                      71.60
                 45




                                                                                                                    70.79
                                                          34               34




                                                                                                                                                                                      70.36
                            29             30                                               33
                 25
                       2011-12        2012-13        2013-14          2014-15          2015-16           68
                        Seniors aged 65 and over                                                                  2011            2012             2013             2014             2015
                        Children aged 6 to 23 months                                                             Provincial             First Nations            Non-First Nations
                        Residents of long-term care facilities
                    Immunization rates for all three high risk groups were                                  There is a large difference in life expectancy for Alberta’s
                    below the 2015-16 targets. There was a two percentage                                pdfFirst Nations
                                                                                                              named:       population in comparison to Alberta’s Non-
                                                                                                                         15-16_MUP_o4_leab.pdf
                    point increase in the immunization rate for seniors aged                                First Nations population or the total provincial population.
                    65 and over,
                pdf named:        however, the target of 75 per cent was
                              15-16_MUP_o4_ii.pdf                                                           Life expectancy at birth in 2015 was 70.36 years for First
                    not met. The result of 33 per cent immunization rate for                                Nations people, which are about 12 years shorter than
                    children six months up to and including 23 months of age                                82.30 years for Non-First Nations people and 81.87 years
                    was well below the target of 75 per cent for 2015-16.                                   for the total provincial population.
                    The percentage of residents of long-term care facilities who
                                                                               In comparison to the statistics for Alberta’s provincial
                    were immunized was 90 per cent, below the target of 95
                                                                               population, the First Nations population experience a
                    per cent.
                                                                               higher number of pre-term births, an infant mortality rate
hati.pdf                                                                    2015‐16 GoA Annual Report
                   Alberta Health Services Zones have used a number of         that is more than one and a half times higher, a suicide
                                                                            Measuring Up ‐ Outcome 4
                   strategies to increase influenza immunization rates for     rate that is five to seven times higher, a higher rate of
                   young children, such as more drop-in clinics (including     diabetes and significantly higher rates of arthritis, asthma,
                   day and child care centres), and targeted reminder calls    heart disease and high blood pressure. To improve the
                   and  mail-outs.
                 Healthy Alberta Trend Index (HATi)*                           health status of a population, a broad range of factors
                                                                               need to be considered, including health services,
                 Health Risk Factors Per Person Aged 20–64 Years (average num
                                                                               personal health practices and coping skills, as well as
                   HEALTHY ALBERTA TREND INDEX                                 social factors such as housing and education.
                 3
                      (AVERAGE NUMBER) Performance Measure
                                                                                                              Addressing health inequities requires emphasis to be
                         2.17          2.17               2.22                              2.14
                                                                           2.12                               placed on primary prevention and advanced access
                  2
                                                                                                              to primary health care to enable early diagnosis and
                         2010          2011           2012             2013             2014                  treatment of diseases and conditions. The Government of
                                                                                                              Alberta has committed to addressing this health crisis.
                    The Healthy Alberta Trend Index (HATi) for 2014 was
                    2.14, slightly above the result of 2.12 in the previous                                   Alberta Health and Alberta Health Services are engaged
                    year. Both results remain higher than the target of                                       at trilateral Health Services Integration Fund /Joint Action
                    2.06. The HATi is a composite index that measures six,                                    Health Plan tables with Health Canada and Treaties 6, 7
                    self-reported complex health behaviours such as the                                       and 8 First Nations in Alberta. The tables aim to enhance
                    consumption of fruits and vegetables; physical activity;                                  relationships and collaborate on initiatives to improve
                    daily smoking; life stress; overweight/obesity; and binge                                 health outcomes of Indigenous peoples in Alberta.
                    drinking.
                 Source : Statistics Canada. Canadian Community Health Survey
                 (CCHS) Alberta Share File (file not publicly issued)
                   Shifts in the trends are driven by a range of factors
                   including to a large extent, social and economic
                 pdfconditions,
                     named: as   15-16_MUP_o4_hati.pdf
                                    well as by targeted policy and program
                   initiatives that are of sufficient reach, scope and dose to
                   have an effective impact on whole populations.

BF\BusFunctions\SMP\BP‐ZTOPICS\Measuring
                    MEASURING UP         Up\2015‐16\Excel Files\                                                                                                                              97
unization                                                                            Printed: 6/8/2016/2:51 PM
                                           \\GOA.ds.gov.ab.ca\SHARED\TBF\BusFunctions\SMP\BP‐ZTOPICS\Measuring Up\2015‐16\Excel Files\
                                           Outcome 4.xlsx/Life Expectancy at Birth                                                                                                                 Printed: 6/2/2
"
Life expectancy at birth,Non-First Nations,2014,calendar year,82.19,years,,higher is better,2015-16,False,Budget PDFs/2015-2016 Annual Report.pdf,103,b897cb6cc181a0c13b9b1f32f0009b21d7bd2d678384ae94bb7077a242f01cfe,graph values manually paired withyear; sourcepage saved,Period life table; graph presents provincial and FirstNations/nonFirstNations populations.,Older source vintage; group estimates overlap but differ from later2017/2018 publications. Never join vintages without reconciliation; not recent outcomes.,"pdf                                                                                                     2015‐16 GoA Annual Report




                                  4
                                                                                                        Measuring Up ‐ Outcome 4
                                                                                                                                                                                                   2015‐16 GoA A
                      Outcome   Apdf
                                  health
                                     named:care  system that is sustainable, patient-focused and meets the needs of a
                                           15‐16_MUP_o4_leab.pdf
                                                                                                                                                                                                   Measuring Up
                                growing province.
                Influenza Immunization
                Albertans who have received the recommended annual
                influenza immunization (percentage)                                                             Life Expectancy at Birth (Provincial; First Nation;
                      INFLUENZA IMMUNIZATION (PERCENTAGE)                                                     LIFE EXPECTANCY AT BIRTH (YEARS)
                      Performance Measure                                                                     Performance Indicator
                                 91             89               88               90               90




                                                                                                                                                                                          82.30
                                                                                                                                                                          82.19
                                                                                                                                                         82.07
                                                                                                                        82.00




                                                                                                                                         82.02




                                                                                                                                                                                  81.87
                                                                                                                                                                  81.79
                                                                                                                                                 81.71
                                                                                                                                81.68
                                                                                                                81.59
                 85
                       61             60             64               61               63
                 65




                                                                                                                                                     72.52
                                                                                                                                    72.15




                                                                                                                                                                      71.60
                 45




                                                                                                                    70.79
                                                          34               34




                                                                                                                                                                                      70.36
                            29             30                                               33
                 25
                       2011-12        2012-13        2013-14          2014-15          2015-16           68
                        Seniors aged 65 and over                                                                  2011            2012             2013             2014             2015
                        Children aged 6 to 23 months                                                             Provincial             First Nations            Non-First Nations
                        Residents of long-term care facilities
                    Immunization rates for all three high risk groups were                                  There is a large difference in life expectancy for Alberta’s
                    below the 2015-16 targets. There was a two percentage                                pdfFirst Nations
                                                                                                              named:       population in comparison to Alberta’s Non-
                                                                                                                         15-16_MUP_o4_leab.pdf
                    point increase in the immunization rate for seniors aged                                First Nations population or the total provincial population.
                    65 and over,
                pdf named:        however, the target of 75 per cent was
                              15-16_MUP_o4_ii.pdf                                                           Life expectancy at birth in 2015 was 70.36 years for First
                    not met. The result of 33 per cent immunization rate for                                Nations people, which are about 12 years shorter than
                    children six months up to and including 23 months of age                                82.30 years for Non-First Nations people and 81.87 years
                    was well below the target of 75 per cent for 2015-16.                                   for the total provincial population.
                    The percentage of residents of long-term care facilities who
                                                                               In comparison to the statistics for Alberta’s provincial
                    were immunized was 90 per cent, below the target of 95
                                                                               population, the First Nations population experience a
                    per cent.
                                                                               higher number of pre-term births, an infant mortality rate
hati.pdf                                                                    2015‐16 GoA Annual Report
                   Alberta Health Services Zones have used a number of         that is more than one and a half times higher, a suicide
                                                                            Measuring Up ‐ Outcome 4
                   strategies to increase influenza immunization rates for     rate that is five to seven times higher, a higher rate of
                   young children, such as more drop-in clinics (including     diabetes and significantly higher rates of arthritis, asthma,
                   day and child care centres), and targeted reminder calls    heart disease and high blood pressure. To improve the
                   and  mail-outs.
                 Healthy Alberta Trend Index (HATi)*                           health status of a population, a broad range of factors
                                                                               need to be considered, including health services,
                 Health Risk Factors Per Person Aged 20–64 Years (average num
                                                                               personal health practices and coping skills, as well as
                   HEALTHY ALBERTA TREND INDEX                                 social factors such as housing and education.
                 3
                      (AVERAGE NUMBER) Performance Measure
                                                                                                              Addressing health inequities requires emphasis to be
                         2.17          2.17               2.22                              2.14
                                                                           2.12                               placed on primary prevention and advanced access
                  2
                                                                                                              to primary health care to enable early diagnosis and
                         2010          2011           2012             2013             2014                  treatment of diseases and conditions. The Government of
                                                                                                              Alberta has committed to addressing this health crisis.
                    The Healthy Alberta Trend Index (HATi) for 2014 was
                    2.14, slightly above the result of 2.12 in the previous                                   Alberta Health and Alberta Health Services are engaged
                    year. Both results remain higher than the target of                                       at trilateral Health Services Integration Fund /Joint Action
                    2.06. The HATi is a composite index that measures six,                                    Health Plan tables with Health Canada and Treaties 6, 7
                    self-reported complex health behaviours such as the                                       and 8 First Nations in Alberta. The tables aim to enhance
                    consumption of fruits and vegetables; physical activity;                                  relationships and collaborate on initiatives to improve
                    daily smoking; life stress; overweight/obesity; and binge                                 health outcomes of Indigenous peoples in Alberta.
                    drinking.
                 Source : Statistics Canada. Canadian Community Health Survey
                 (CCHS) Alberta Share File (file not publicly issued)
                   Shifts in the trends are driven by a range of factors
                   including to a large extent, social and economic
                 pdfconditions,
                     named: as   15-16_MUP_o4_hati.pdf
                                    well as by targeted policy and program
                   initiatives that are of sufficient reach, scope and dose to
                   have an effective impact on whole populations.

BF\BusFunctions\SMP\BP‐ZTOPICS\Measuring
                    MEASURING UP         Up\2015‐16\Excel Files\                                                                                                                              97
unization                                                                            Printed: 6/8/2016/2:51 PM
                                           \\GOA.ds.gov.ab.ca\SHARED\TBF\BusFunctions\SMP\BP‐ZTOPICS\Measuring Up\2015‐16\Excel Files\
                                           Outcome 4.xlsx/Life Expectancy at Birth                                                                                                                 Printed: 6/2/2
"
Life expectancy at birth,Non-First Nations,2015,calendar year,82.3,years,,higher is better,2015-16,False,Budget PDFs/2015-2016 Annual Report.pdf,103,b897cb6cc181a0c13b9b1f32f0009b21d7bd2d678384ae94bb7077a242f01cfe,graph values manually paired withyear; sourcepage saved,Period life table; graph presents provincial and FirstNations/nonFirstNations populations.,Older source vintage; group estimates overlap but differ from later2017/2018 publications. Never join vintages without reconciliation; not recent outcomes.,"pdf                                                                                                     2015‐16 GoA Annual Report




                                  4
                                                                                                        Measuring Up ‐ Outcome 4
                                                                                                                                                                                                   2015‐16 GoA A
                      Outcome   Apdf
                                  health
                                     named:care  system that is sustainable, patient-focused and meets the needs of a
                                           15‐16_MUP_o4_leab.pdf
                                                                                                                                                                                                   Measuring Up
                                growing province.
                Influenza Immunization
                Albertans who have received the recommended annual
                influenza immunization (percentage)                                                             Life Expectancy at Birth (Provincial; First Nation;
                      INFLUENZA IMMUNIZATION (PERCENTAGE)                                                     LIFE EXPECTANCY AT BIRTH (YEARS)
                      Performance Measure                                                                     Performance Indicator
                                 91             89               88               90               90




                                                                                                                                                                                          82.30
                                                                                                                                                                          82.19
                                                                                                                                                         82.07
                                                                                                                        82.00




                                                                                                                                         82.02




                                                                                                                                                                                  81.87
                                                                                                                                                                  81.79
                                                                                                                                                 81.71
                                                                                                                                81.68
                                                                                                                81.59
                 85
                       61             60             64               61               63
                 65




                                                                                                                                                     72.52
                                                                                                                                    72.15




                                                                                                                                                                      71.60
                 45




                                                                                                                    70.79
                                                          34               34




                                                                                                                                                                                      70.36
                            29             30                                               33
                 25
                       2011-12        2012-13        2013-14          2014-15          2015-16           68
                        Seniors aged 65 and over                                                                  2011            2012             2013             2014             2015
                        Children aged 6 to 23 months                                                             Provincial             First Nations            Non-First Nations
                        Residents of long-term care facilities
                    Immunization rates for all three high risk groups were                                  There is a large difference in life expectancy for Alberta’s
                    below the 2015-16 targets. There was a two percentage                                pdfFirst Nations
                                                                                                              named:       population in comparison to Alberta’s Non-
                                                                                                                         15-16_MUP_o4_leab.pdf
                    point increase in the immunization rate for seniors aged                                First Nations population or the total provincial population.
                    65 and over,
                pdf named:        however, the target of 75 per cent was
                              15-16_MUP_o4_ii.pdf                                                           Life expectancy at birth in 2015 was 70.36 years for First
                    not met. The result of 33 per cent immunization rate for                                Nations people, which are about 12 years shorter than
                    children six months up to and including 23 months of age                                82.30 years for Non-First Nations people and 81.87 years
                    was well below the target of 75 per cent for 2015-16.                                   for the total provincial population.
                    The percentage of residents of long-term care facilities who
                                                                               In comparison to the statistics for Alberta’s provincial
                    were immunized was 90 per cent, below the target of 95
                                                                               population, the First Nations population experience a
                    per cent.
                                                                               higher number of pre-term births, an infant mortality rate
hati.pdf                                                                    2015‐16 GoA Annual Report
                   Alberta Health Services Zones have used a number of         that is more than one and a half times higher, a suicide
                                                                            Measuring Up ‐ Outcome 4
                   strategies to increase influenza immunization rates for     rate that is five to seven times higher, a higher rate of
                   young children, such as more drop-in clinics (including     diabetes and significantly higher rates of arthritis, asthma,
                   day and child care centres), and targeted reminder calls    heart disease and high blood pressure. To improve the
                   and  mail-outs.
                 Healthy Alberta Trend Index (HATi)*                           health status of a population, a broad range of factors
                                                                               need to be considered, including health services,
                 Health Risk Factors Per Person Aged 20–64 Years (average num
                                                                               personal health practices and coping skills, as well as
                   HEALTHY ALBERTA TREND INDEX                                 social factors such as housing and education.
                 3
                      (AVERAGE NUMBER) Performance Measure
                                                                                                              Addressing health inequities requires emphasis to be
                         2.17          2.17               2.22                              2.14
                                                                           2.12                               placed on primary prevention and advanced access
                  2
                                                                                                              to primary health care to enable early diagnosis and
                         2010          2011           2012             2013             2014                  treatment of diseases and conditions. The Government of
                                                                                                              Alberta has committed to addressing this health crisis.
                    The Healthy Alberta Trend Index (HATi) for 2014 was
                    2.14, slightly above the result of 2.12 in the previous                                   Alberta Health and Alberta Health Services are engaged
                    year. Both results remain higher than the target of                                       at trilateral Health Services Integration Fund /Joint Action
                    2.06. The HATi is a composite index that measures six,                                    Health Plan tables with Health Canada and Treaties 6, 7
                    self-reported complex health behaviours such as the                                       and 8 First Nations in Alberta. The tables aim to enhance
                    consumption of fruits and vegetables; physical activity;                                  relationships and collaborate on initiatives to improve
                    daily smoking; life stress; overweight/obesity; and binge                                 health outcomes of Indigenous peoples in Alberta.
                    drinking.
                 Source : Statistics Canada. Canadian Community Health Survey
                 (CCHS) Alberta Share File (file not publicly issued)
                   Shifts in the trends are driven by a range of factors
                   including to a large extent, social and economic
                 pdfconditions,
                     named: as   15-16_MUP_o4_hati.pdf
                                    well as by targeted policy and program
                   initiatives that are of sufficient reach, scope and dose to
                   have an effective impact on whole populations.

BF\BusFunctions\SMP\BP‐ZTOPICS\Measuring
                    MEASURING UP         Up\2015‐16\Excel Files\                                                                                                                              97
unization                                                                            Printed: 6/8/2016/2:51 PM
                                           \\GOA.ds.gov.ab.ca\SHARED\TBF\BusFunctions\SMP\BP‐ZTOPICS\Measuring Up\2015‐16\Excel Files\
                                           Outcome 4.xlsx/Life Expectancy at Birth                                                                                                                 Printed: 6/2/2
"
Perceived ease of physician access,eligible Alberta survey respondents,2011-12,fiscal year,80,percent,83,higher is better,2011-12,True,Budget PDFs/2011-2012 Budget.pdf,93,5e6114d1e08e482872cae974e1a9fdddc1b50277d463cc8548f6e6218a1e0317,table numeric row,Survey perception: easy/veryeasy access among service users; overall system excellent/good rating across respondents.,Perceived access is not measured waittime.2011-12 results revised into fiscalperiods; sample/nonresponse and media/context can affect ratings. No current comparable series.,"    Goal 2 – A Healthy Approach – Increase access to quality health care and improve the
    efficiency and effectiveness of health care service delivery.
                                                                                                                                                          Trend →
                                                                                       Targets               Previous               Current              3 - 5 Years
                                                                                                                                                        (unaudited)
    Goal Two Performance Measures (audited)                                            2011-12                Results               Results
    Ease of Access to Services (see note 5)
     Rating as easy or very easy:
        Physician Services                                                                83%                    77%                   80%

        Emergency Department Services                                                     65%                   59%                   52%
                                                                                                             (2010-11)r            (2011-12)r
    Public Rating of Health System Overall (see note 6)
     Rating as excellent or good.                                                         73%                   64%                   63%
                                                                                                             (2010-11)r            (2011-12)r


    Goal Two Performance Measures (unaudited)
    Satisfaction with Health Care Services Received (see note 7)
      Percentage of Albertans satisfied or very satisfied with health                     65%                   67%                   62%
      care services personally received in Alberta within the past year.                                      (2010-11)             (2011-12)
    Continuing Care (see note 8)
     Number of persons waiting in an acute care hospital bed for                           375                   471                   467
     continuing care.                                                                                         (2010-11)             (2011-12)
      Number of persons waiting in the community for continuing                            900                  1,110                 1,002
      care.                                                                                                   (2010-11)             (2011-12)
      Quality of accommodation services in supportive living and
      long-term care facilities, as indicated by the percentage of
      facilities reviewed that meet provincial standards:
        Group Homes                                                                       90%                   82%                   87%                No trend
        Assisted Living                                                                   95%                   86%                   89%
        Lodges                                                                            98%                   82%                   94%
        Long-term Care                                                                    80%                   70%                   75%
                                                                                                              (2010-11)             (2011-12)
    r – revised. Current and historical results are based on fiscal year, not calendar year. Previous Measuring Up reports stated these results by calendar year.




    Notes:
    Calendar years are presented, for example, as 2011; fiscal years are presented, for example, as 2011-12.
    The numbered note references in the tables refer to the Sources and Notes section on pages 60 to 66 which summarizes the methodologies and
    data sources for each of the performance measures.
  For full methodology, refer to Supplementary Information Measuring Up – unaudited, online at www.alberta.ca
Notes:
Calendar years are presented, for example, as 2011; fiscal years are presented, for example, as 2011-12.
*Current and historical results are now based on fiscal year data, not calendar year data. Previous Measuring Up reports stated these results as
calendar year results.
The numbered note references in the tables refer to the Sources and Notes section on pages 57 to 63 which summarizes the methodologies and
data sources for each of the performance measures.
For full methodology, refer to Supplementary Information Measuring Up – unaudited, online at www.alberta.ca.


6             MEASURING UP ANNUAL REPORT 2011-2012
"
Perceived ease of emergency department access,eligible Alberta survey respondents,2011-12,fiscal year,52,percent,65,higher is better,2011-12,True,Budget PDFs/2011-2012 Budget.pdf,93,5e6114d1e08e482872cae974e1a9fdddc1b50277d463cc8548f6e6218a1e0317,table numeric row,Survey perception: easy/veryeasy access among service users; overall system excellent/good rating across respondents.,Perceived access is not measured waittime.2011-12 results revised into fiscalperiods; sample/nonresponse and media/context can affect ratings. No current comparable series.,"    Goal 2 – A Healthy Approach – Increase access to quality health care and improve the
    efficiency and effectiveness of health care service delivery.
                                                                                                                                                          Trend →
                                                                                       Targets               Previous               Current              3 - 5 Years
                                                                                                                                                        (unaudited)
    Goal Two Performance Measures (audited)                                            2011-12                Results               Results
    Ease of Access to Services (see note 5)
     Rating as easy or very easy:
        Physician Services                                                                83%                    77%                   80%

        Emergency Department Services                                                     65%                   59%                   52%
                                                                                                             (2010-11)r            (2011-12)r
    Public Rating of Health System Overall (see note 6)
     Rating as excellent or good.                                                         73%                   64%                   63%
                                                                                                             (2010-11)r            (2011-12)r


    Goal Two Performance Measures (unaudited)
    Satisfaction with Health Care Services Received (see note 7)
      Percentage of Albertans satisfied or very satisfied with health                     65%                   67%                   62%
      care services personally received in Alberta within the past year.                                      (2010-11)             (2011-12)
    Continuing Care (see note 8)
     Number of persons waiting in an acute care hospital bed for                           375                   471                   467
     continuing care.                                                                                         (2010-11)             (2011-12)
      Number of persons waiting in the community for continuing                            900                  1,110                 1,002
      care.                                                                                                   (2010-11)             (2011-12)
      Quality of accommodation services in supportive living and
      long-term care facilities, as indicated by the percentage of
      facilities reviewed that meet provincial standards:
        Group Homes                                                                       90%                   82%                   87%                No trend
        Assisted Living                                                                   95%                   86%                   89%
        Lodges                                                                            98%                   82%                   94%
        Long-term Care                                                                    80%                   70%                   75%
                                                                                                              (2010-11)             (2011-12)
    r – revised. Current and historical results are based on fiscal year, not calendar year. Previous Measuring Up reports stated these results by calendar year.




    Notes:
    Calendar years are presented, for example, as 2011; fiscal years are presented, for example, as 2011-12.
    The numbered note references in the tables refer to the Sources and Notes section on pages 60 to 66 which summarizes the methodologies and
    data sources for each of the performance measures.
  For full methodology, refer to Supplementary Information Measuring Up – unaudited, online at www.alberta.ca
Notes:
Calendar years are presented, for example, as 2011; fiscal years are presented, for example, as 2011-12.
*Current and historical results are now based on fiscal year data, not calendar year data. Previous Measuring Up reports stated these results as
calendar year results.
The numbered note references in the tables refer to the Sources and Notes section on pages 57 to 63 which summarizes the methodologies and
data sources for each of the performance measures.
For full methodology, refer to Supplementary Information Measuring Up – unaudited, online at www.alberta.ca.


6             MEASURING UP ANNUAL REPORT 2011-2012
"
Public overall health system rating,eligible Alberta survey respondents,2011-12,fiscal year,63,percent,73,higher is better,2011-12,True,Budget PDFs/2011-2012 Budget.pdf,93,5e6114d1e08e482872cae974e1a9fdddc1b50277d463cc8548f6e6218a1e0317,table numeric row,Survey perception: easy/veryeasy access among service users; overall system excellent/good rating across respondents.,Perceived access is not measured waittime.2011-12 results revised into fiscalperiods; sample/nonresponse and media/context can affect ratings. No current comparable series.,"    Goal 2 – A Healthy Approach – Increase access to quality health care and improve the
    efficiency and effectiveness of health care service delivery.
                                                                                                                                                          Trend →
                                                                                       Targets               Previous               Current              3 - 5 Years
                                                                                                                                                        (unaudited)
    Goal Two Performance Measures (audited)                                            2011-12                Results               Results
    Ease of Access to Services (see note 5)
     Rating as easy or very easy:
        Physician Services                                                                83%                    77%                   80%

        Emergency Department Services                                                     65%                   59%                   52%
                                                                                                             (2010-11)r            (2011-12)r
    Public Rating of Health System Overall (see note 6)
     Rating as excellent or good.                                                         73%                   64%                   63%
                                                                                                             (2010-11)r            (2011-12)r


    Goal Two Performance Measures (unaudited)
    Satisfaction with Health Care Services Received (see note 7)
      Percentage of Albertans satisfied or very satisfied with health                     65%                   67%                   62%
      care services personally received in Alberta within the past year.                                      (2010-11)             (2011-12)
    Continuing Care (see note 8)
     Number of persons waiting in an acute care hospital bed for                           375                   471                   467
     continuing care.                                                                                         (2010-11)             (2011-12)
      Number of persons waiting in the community for continuing                            900                  1,110                 1,002
      care.                                                                                                   (2010-11)             (2011-12)
      Quality of accommodation services in supportive living and
      long-term care facilities, as indicated by the percentage of
      facilities reviewed that meet provincial standards:
        Group Homes                                                                       90%                   82%                   87%                No trend
        Assisted Living                                                                   95%                   86%                   89%
        Lodges                                                                            98%                   82%                   94%
        Long-term Care                                                                    80%                   70%                   75%
                                                                                                              (2010-11)             (2011-12)
    r – revised. Current and historical results are based on fiscal year, not calendar year. Previous Measuring Up reports stated these results by calendar year.




    Notes:
    Calendar years are presented, for example, as 2011; fiscal years are presented, for example, as 2011-12.
    The numbered note references in the tables refer to the Sources and Notes section on pages 60 to 66 which summarizes the methodologies and
    data sources for each of the performance measures.
  For full methodology, refer to Supplementary Information Measuring Up – unaudited, online at www.alberta.ca
Notes:
Calendar years are presented, for example, as 2011; fiscal years are presented, for example, as 2011-12.
*Current and historical results are now based on fiscal year data, not calendar year data. Previous Measuring Up reports stated these results as
calendar year results.
The numbered note references in the tables refer to the Sources and Notes section on pages 57 to 63 which summarizes the methodologies and
data sources for each of the performance measures.
For full methodology, refer to Supplementary Information Measuring Up – unaudited, online at www.alberta.ca.


6             MEASURING UP ANNUAL REPORT 2011-2012
"
Perceived ease of physician access,eligible Alberta survey respondents,2012-13,fiscal year,79,percent,85,higher is better,2012-13,True,Budget PDFs/2012-2013 Budget.pdf,118,5ac7387edaaf82431130b893ab7d24262842bf3849282841e114661553a60833,table numeric row,Survey perception: easy/veryeasy access among service users; overall system excellent/good rating across respondents.,Perceived access is not measured waittime.2011-12 results revised into fiscalperiods; sample/nonresponse and media/context can affect ratings. No current comparable series.,"GOAL

         3         HEALTHY ALBERTANS – A health system where Albertans have the supports they need to
                   lead healthy lives.



                                                                                    Previous         Targets     Current
  Goal Three Performance Measures (audited)
                                                                                    Results          2012–13     Results

  Ease of Access to Services (see note 11 in the Sources and Notes section starting on page 115)

      Rating as easy or very easy:
         Physician Services                                                            80%             85%         79%

         Emergency Department Services                                                 52%             70%          65%
                                                                                    (2011–12)                    (2012–13)



  Public Rating of Health System Overall (see note 12)

      Rating as excellent or good.                                                     63%             73%          70%
                                                                                    (2011–12)                    (2012–13)




  Goal Three Performance Measures (unaudited)

  Satisfaction with Health Care Services Received (see note 13)

      Percentage of Albertans satisfied or very satisfied with health care             62%             68%          63%
      services personally received in Alberta within the past year.                 (2011–12)                    (2012-13)


  Continuing Care (see note 14)

      Number of persons waiting in an acute care hospital bed for                      467                 350      453
      continuing care.                                                              (2011–12)                    (2012–13)



      Number of persons waiting in the community for continuing care.                 1,002                850      701
                                                                                    (2011–12)                    (2012–13)


  Physical Condition of Health Facilities (see note 15)

      Good                                                                             77%             78%          72%
      Fair                                                                             20%             19%          24%
      Poor                                                                              3%              3%           4%
                                                                                    (2011–12)                    (2012–13)


Calendar years are presented, for example, as 2012; fiscal years are presented, for example, as 2012-13.




110              #buildingAlberta                                               GOVERNMENT OF ALBERTA 2012-13 ANNUAL REPORT
"
Perceived ease of emergency department access,eligible Alberta survey respondents,2012-13,fiscal year,65,percent,70,higher is better,2012-13,True,Budget PDFs/2012-2013 Budget.pdf,118,5ac7387edaaf82431130b893ab7d24262842bf3849282841e114661553a60833,table numeric row,Survey perception: easy/veryeasy access among service users; overall system excellent/good rating across respondents.,Perceived access is not measured waittime.2011-12 results revised into fiscalperiods; sample/nonresponse and media/context can affect ratings. No current comparable series.,"GOAL

         3         HEALTHY ALBERTANS – A health system where Albertans have the supports they need to
                   lead healthy lives.



                                                                                    Previous         Targets     Current
  Goal Three Performance Measures (audited)
                                                                                    Results          2012–13     Results

  Ease of Access to Services (see note 11 in the Sources and Notes section starting on page 115)

      Rating as easy or very easy:
         Physician Services                                                            80%             85%         79%

         Emergency Department Services                                                 52%             70%          65%
                                                                                    (2011–12)                    (2012–13)



  Public Rating of Health System Overall (see note 12)

      Rating as excellent or good.                                                     63%             73%          70%
                                                                                    (2011–12)                    (2012–13)




  Goal Three Performance Measures (unaudited)

  Satisfaction with Health Care Services Received (see note 13)

      Percentage of Albertans satisfied or very satisfied with health care             62%             68%          63%
      services personally received in Alberta within the past year.                 (2011–12)                    (2012-13)


  Continuing Care (see note 14)

      Number of persons waiting in an acute care hospital bed for                      467                 350      453
      continuing care.                                                              (2011–12)                    (2012–13)



      Number of persons waiting in the community for continuing care.                 1,002                850      701
                                                                                    (2011–12)                    (2012–13)


  Physical Condition of Health Facilities (see note 15)

      Good                                                                             77%             78%          72%
      Fair                                                                             20%             19%          24%
      Poor                                                                              3%              3%           4%
                                                                                    (2011–12)                    (2012–13)


Calendar years are presented, for example, as 2012; fiscal years are presented, for example, as 2012-13.




110              #buildingAlberta                                               GOVERNMENT OF ALBERTA 2012-13 ANNUAL REPORT
"
Public overall health system rating,eligible Alberta survey respondents,2012-13,fiscal year,70,percent,73,higher is better,2012-13,True,Budget PDFs/2012-2013 Budget.pdf,118,5ac7387edaaf82431130b893ab7d24262842bf3849282841e114661553a60833,table numeric row,Survey perception: easy/veryeasy access among service users; overall system excellent/good rating across respondents.,Perceived access is not measured waittime.2011-12 results revised into fiscalperiods; sample/nonresponse and media/context can affect ratings. No current comparable series.,"GOAL

         3         HEALTHY ALBERTANS – A health system where Albertans have the supports they need to
                   lead healthy lives.



                                                                                    Previous         Targets     Current
  Goal Three Performance Measures (audited)
                                                                                    Results          2012–13     Results

  Ease of Access to Services (see note 11 in the Sources and Notes section starting on page 115)

      Rating as easy or very easy:
         Physician Services                                                            80%             85%         79%

         Emergency Department Services                                                 52%             70%          65%
                                                                                    (2011–12)                    (2012–13)



  Public Rating of Health System Overall (see note 12)

      Rating as excellent or good.                                                     63%             73%          70%
                                                                                    (2011–12)                    (2012–13)




  Goal Three Performance Measures (unaudited)

  Satisfaction with Health Care Services Received (see note 13)

      Percentage of Albertans satisfied or very satisfied with health care             62%             68%          63%
      services personally received in Alberta within the past year.                 (2011–12)                    (2012-13)


  Continuing Care (see note 14)

      Number of persons waiting in an acute care hospital bed for                      467                 350      453
      continuing care.                                                              (2011–12)                    (2012–13)



      Number of persons waiting in the community for continuing care.                 1,002                850      701
                                                                                    (2011–12)                    (2012–13)


  Physical Condition of Health Facilities (see note 15)

      Good                                                                             77%             78%          72%
      Fair                                                                             20%             19%          24%
      Poor                                                                              3%              3%           4%
                                                                                    (2011–12)                    (2012–13)


Calendar years are presented, for example, as 2012; fiscal years are presented, for example, as 2012-13.




110              #buildingAlberta                                               GOVERNMENT OF ALBERTA 2012-13 ANNUAL REPORT
"
Life expectancy at birth,First Nations,2014,calendar year,68.7,years,,higher is better,2018-19,False,Quality of Life Analysis/research/health/current/health-2018-2019.pdf,24,91b040627c64814a29e817d58860096977bf171280d9e03dd51ca19497e8a85e,table values; terminalfootnote1 stripped,Ministry indicator uses AHCIP Adjusted Population and period life-table methodology.,2018 preliminary; large overlapping-year differences versus2017-18 whole-government graph remain unreconciled. Do not interpret between-vintage shifts as mortality changes.,"  First Nations                       68.7                 69.9                69.1                67.7                67.91
"
Life expectancy at birth,First Nations,2015,calendar year,69.9,years,,higher is better,2018-19,False,Quality of Life Analysis/research/health/current/health-2018-2019.pdf,24,91b040627c64814a29e817d58860096977bf171280d9e03dd51ca19497e8a85e,table values; terminalfootnote1 stripped,Ministry indicator uses AHCIP Adjusted Population and period life-table methodology.,2018 preliminary; large overlapping-year differences versus2017-18 whole-government graph remain unreconciled. Do not interpret between-vintage shifts as mortality changes.,"  First Nations                       68.7                 69.9                69.1                67.7                67.91
"
Life expectancy at birth,First Nations,2016,calendar year,69.1,years,,higher is better,2018-19,False,Quality of Life Analysis/research/health/current/health-2018-2019.pdf,24,91b040627c64814a29e817d58860096977bf171280d9e03dd51ca19497e8a85e,table values; terminalfootnote1 stripped,Ministry indicator uses AHCIP Adjusted Population and period life-table methodology.,2018 preliminary; large overlapping-year differences versus2017-18 whole-government graph remain unreconciled. Do not interpret between-vintage shifts as mortality changes.,"  First Nations                       68.7                 69.9                69.1                67.7                67.91
"
Life expectancy at birth,First Nations,2017,calendar year,67.7,years,,higher is better,2018-19,False,Quality of Life Analysis/research/health/current/health-2018-2019.pdf,24,91b040627c64814a29e817d58860096977bf171280d9e03dd51ca19497e8a85e,table values; terminalfootnote1 stripped,Ministry indicator uses AHCIP Adjusted Population and period life-table methodology.,2018 preliminary; large overlapping-year differences versus2017-18 whole-government graph remain unreconciled. Do not interpret between-vintage shifts as mortality changes.,"  First Nations                       68.7                 69.9                69.1                67.7                67.91
"
Life expectancy at birth,First Nations,2018,calendar year,67.9,years,,higher is better,2018-19,False,Quality of Life Analysis/research/health/current/health-2018-2019.pdf,24,91b040627c64814a29e817d58860096977bf171280d9e03dd51ca19497e8a85e,table values; terminalfootnote1 stripped,Ministry indicator uses AHCIP Adjusted Population and period life-table methodology.,2018 preliminary; large overlapping-year differences versus2017-18 whole-government graph remain unreconciled. Do not interpret between-vintage shifts as mortality changes.,"  First Nations                       68.7                 69.9                69.1                67.7                67.91
"
Life expectancy at birth,Non-First Nations,2014,calendar year,80.1,years,,higher is better,2018-19,False,Quality of Life Analysis/research/health/current/health-2018-2019.pdf,24,91b040627c64814a29e817d58860096977bf171280d9e03dd51ca19497e8a85e,table values; terminalfootnote1 stripped,Ministry indicator uses AHCIP Adjusted Population and period life-table methodology.,2018 preliminary; large overlapping-year differences versus2017-18 whole-government graph remain unreconciled. Do not interpret between-vintage shifts as mortality changes.,"  Non-First Nations                   80.1                 79.9                80.0                79.9                80.01
"
Life expectancy at birth,Non-First Nations,2015,calendar year,79.9,years,,higher is better,2018-19,False,Quality of Life Analysis/research/health/current/health-2018-2019.pdf,24,91b040627c64814a29e817d58860096977bf171280d9e03dd51ca19497e8a85e,table values; terminalfootnote1 stripped,Ministry indicator uses AHCIP Adjusted Population and period life-table methodology.,2018 preliminary; large overlapping-year differences versus2017-18 whole-government graph remain unreconciled. Do not interpret between-vintage shifts as mortality changes.,"  Non-First Nations                   80.1                 79.9                80.0                79.9                80.01
"
Life expectancy at birth,Non-First Nations,2016,calendar year,80.0,years,,higher is better,2018-19,False,Quality of Life Analysis/research/health/current/health-2018-2019.pdf,24,91b040627c64814a29e817d58860096977bf171280d9e03dd51ca19497e8a85e,table values; terminalfootnote1 stripped,Ministry indicator uses AHCIP Adjusted Population and period life-table methodology.,2018 preliminary; large overlapping-year differences versus2017-18 whole-government graph remain unreconciled. Do not interpret between-vintage shifts as mortality changes.,"  Non-First Nations                   80.1                 79.9                80.0                79.9                80.01
"
Life expectancy at birth,Non-First Nations,2017,calendar year,79.9,years,,higher is better,2018-19,False,Quality of Life Analysis/research/health/current/health-2018-2019.pdf,24,91b040627c64814a29e817d58860096977bf171280d9e03dd51ca19497e8a85e,table values; terminalfootnote1 stripped,Ministry indicator uses AHCIP Adjusted Population and period life-table methodology.,2018 preliminary; large overlapping-year differences versus2017-18 whole-government graph remain unreconciled. Do not interpret between-vintage shifts as mortality changes.,"  Non-First Nations                   80.1                 79.9                80.0                79.9                80.01
"
Life expectancy at birth,Non-First Nations,2018,calendar year,80.0,years,,higher is better,2018-19,False,Quality of Life Analysis/research/health/current/health-2018-2019.pdf,24,91b040627c64814a29e817d58860096977bf171280d9e03dd51ca19497e8a85e,table values; terminalfootnote1 stripped,Ministry indicator uses AHCIP Adjusted Population and period life-table methodology.,2018 preliminary; large overlapping-year differences versus2017-18 whole-government graph remain unreconciled. Do not interpret between-vintage shifts as mortality changes.,"  Non-First Nations                   80.1                 79.9                80.0                79.9                80.01
"
